{"__global_data__.VolumeColorLUT":{"map":{"0":{"ColorID":0,"Label":0,"R":255,"G":255,"B":255,"A":0},"1":{"ColorID":1,"Label":1,"R":255,"G":254,"B":254,"A":0},"2":{"ColorID":2,"Label":2,"R":255,"G":254,"B":254,"A":0},"3":{"ColorID":3,"Label":3,"R":255,"G":254,"B":254,"A":0},"4":{"ColorID":4,"Label":4,"R":255,"G":254,"B":254,"A":0},"5":{"ColorID":5,"Label":5,"R":255,"G":254,"B":254,"A":0},"6":{"ColorID":6,"Label":6,"R":255,"G":253,"B":253,"A":1},"7":{"ColorID":7,"Label":7,"R":255,"G":253,"B":253,"A":1},"8":{"ColorID":8,"Label":8,"R":255,"G":253,"B":253,"A":1},"9":{"ColorID":9,"Label":9,"R":255,"G":253,"B":253,"A":1},"10":{"ColorID":10,"Label":10,"R":255,"G":253,"B":253,"A":1},"11":{"ColorID":11,"Label":11,"R":255,"G":252,"B":252,"A":2},"12":{"ColorID":12,"Label":12,"R":255,"G":252,"B":252,"A":2},"13":{"ColorID":13,"Label":13,"R":255,"G":252,"B":252,"A":2},"14":{"ColorID":14,"Label":14,"R":255,"G":252,"B":252,"A":2},"15":{"ColorID":15,"Label":15,"R":255,"G":252,"B":252,"A":2},"16":{"ColorID":16,"Label":16,"R":255,"G":251,"B":251,"A":3},"17":{"ColorID":17,"Label":17,"R":255,"G":251,"B":251,"A":3},"18":{"ColorID":18,"Label":18,"R":255,"G":251,"B":251,"A":3},"19":{"ColorID":19,"Label":19,"R":255,"G":251,"B":251,"A":3},"20":{"ColorID":20,"Label":20,"R":255,"G":251,"B":251,"A":3},"21":{"ColorID":21,"Label":21,"R":255,"G":250,"B":250,"A":4},"22":{"ColorID":22,"Label":22,"R":255,"G":250,"B":250,"A":4},"23":{"ColorID":23,"Label":23,"R":255,"G":250,"B":250,"A":4},"24":{"ColorID":24,"Label":24,"R":255,"G":250,"B":250,"A":4},"25":{"ColorID":25,"Label":25,"R":255,"G":250,"B":250,"A":4},"26":{"ColorID":26,"Label":26,"R":255,"G":249,"B":249,"A":5},"27":{"ColorID":27,"Label":27,"R":255,"G":249,"B":249,"A":5},"28":{"ColorID":28,"Label":28,"R":255,"G":249,"B":249,"A":5},"29":{"ColorID":29,"Label":29,"R":255,"G":249,"B":249,"A":5},"30":{"ColorID":30,"Label":30,"R":255,"G":249,"B":249,"A":5},"31":{"ColorID":31,"Label":31,"R":255,"G":248,"B":248,"A":6},"32":{"ColorID":32,"Label":32,"R":255,"G":248,"B":248,"A":6},"33":{"ColorID":33,"Label":33,"R":255,"G":248,"B":248,"A":6},"34":{"ColorID":34,"Label":34,"R":255,"G":248,"B":248,"A":6},"35":{"ColorID":35,"Label":35,"R":255,"G":248,"B":248,"A":6},"36":{"ColorID":36,"Label":36,"R":255,"G":247,"B":247,"A":7},"37":{"ColorID":37,"Label":37,"R":255,"G":247,"B":247,"A":7},"38":{"ColorID":38,"Label":38,"R":255,"G":247,"B":247,"A":7},"39":{"ColorID":39,"Label":39,"R":255,"G":247,"B":247,"A":7},"40":{"ColorID":40,"Label":40,"R":255,"G":247,"B":247,"A":7},"41":{"ColorID":41,"Label":41,"R":255,"G":246,"B":246,"A":8},"42":{"ColorID":42,"Label":42,"R":255,"G":246,"B":246,"A":8},"43":{"ColorID":43,"Label":43,"R":255,"G":246,"B":246,"A":8},"44":{"ColorID":44,"Label":44,"R":255,"G":246,"B":246,"A":8},"45":{"ColorID":45,"Label":45,"R":255,"G":246,"B":246,"A":8},"46":{"ColorID":46,"Label":46,"R":255,"G":245,"B":245,"A":9},"47":{"ColorID":47,"Label":47,"R":255,"G":245,"B":245,"A":9},"48":{"ColorID":48,"Label":48,"R":255,"G":245,"B":245,"A":9},"49":{"ColorID":49,"Label":49,"R":255,"G":245,"B":245,"A":9},"50":{"ColorID":50,"Label":50,"R":255,"G":245,"B":245,"A":9},"51":{"ColorID":51,"Label":51,"R":255,"G":244,"B":244,"A":10},"52":{"ColorID":52,"Label":52,"R":255,"G":244,"B":244,"A":10},"53":{"ColorID":53,"Label":53,"R":255,"G":244,"B":244,"A":10},"54":{"ColorID":54,"Label":54,"R":255,"G":244,"B":244,"A":10},"55":{"ColorID":55,"Label":55,"R":255,"G":244,"B":244,"A":10},"56":{"ColorID":56,"Label":56,"R":255,"G":243,"B":243,"A":11},"57":{"ColorID":57,"Label":57,"R":255,"G":243,"B":243,"A":11},"58":{"ColorID":58,"Label":58,"R":255,"G":243,"B":243,"A":11},"59":{"ColorID":59,"Label":59,"R":255,"G":243,"B":243,"A":11},"60":{"ColorID":60,"Label":60,"R":255,"G":243,"B":243,"A":11},"61":{"ColorID":61,"Label":61,"R":255,"G":242,"B":242,"A":12},"62":{"ColorID":62,"Label":62,"R":255,"G":242,"B":242,"A":12},"63":{"ColorID":63,"Label":63,"R":255,"G":242,"B":242,"A":12},"64":{"ColorID":64,"Label":64,"R":255,"G":242,"B":242,"A":12},"65":{"ColorID":65,"Label":65,"R":255,"G":242,"B":242,"A":12},"66":{"ColorID":66,"Label":66,"R":255,"G":241,"B":241,"A":13},"67":{"ColorID":67,"Label":67,"R":255,"G":241,"B":241,"A":13},"68":{"ColorID":68,"Label":68,"R":255,"G":241,"B":241,"A":13},"69":{"ColorID":69,"Label":69,"R":255,"G":241,"B":241,"A":13},"70":{"ColorID":70,"Label":70,"R":255,"G":241,"B":241,"A":13},"71":{"ColorID":71,"Label":71,"R":255,"G":240,"B":240,"A":14},"72":{"ColorID":72,"Label":72,"R":255,"G":240,"B":240,"A":14},"73":{"ColorID":73,"Label":73,"R":255,"G":240,"B":240,"A":14},"74":{"ColorID":74,"Label":74,"R":255,"G":240,"B":240,"A":14},"75":{"ColorID":75,"Label":75,"R":255,"G":240,"B":240,"A":14},"76":{"ColorID":76,"Label":76,"R":255,"G":239,"B":239,"A":15},"77":{"ColorID":77,"Label":77,"R":255,"G":239,"B":239,"A":15},"78":{"ColorID":78,"Label":78,"R":255,"G":239,"B":239,"A":15},"79":{"ColorID":79,"Label":79,"R":255,"G":239,"B":239,"A":15},"80":{"ColorID":80,"Label":80,"R":255,"G":239,"B":239,"A":15},"81":{"ColorID":81,"Label":81,"R":255,"G":239,"B":239,"A":15},"82":{"ColorID":82,"Label":82,"R":255,"G":238,"B":238,"A":16},"83":{"ColorID":83,"Label":83,"R":255,"G":238,"B":238,"A":16},"84":{"ColorID":84,"Label":84,"R":255,"G":238,"B":238,"A":16},"85":{"ColorID":85,"Label":85,"R":255,"G":238,"B":238,"A":16},"86":{"ColorID":86,"Label":86,"R":255,"G":238,"B":238,"A":16},"87":{"ColorID":87,"Label":87,"R":255,"G":237,"B":237,"A":17},"88":{"ColorID":88,"Label":88,"R":255,"G":237,"B":237,"A":17},"89":{"ColorID":89,"Label":89,"R":255,"G":237,"B":237,"A":17},"90":{"ColorID":90,"Label":90,"R":255,"G":237,"B":237,"A":17},"91":{"ColorID":91,"Label":91,"R":255,"G":237,"B":237,"A":17},"92":{"ColorID":92,"Label":92,"R":255,"G":236,"B":236,"A":18},"93":{"ColorID":93,"Label":93,"R":255,"G":236,"B":236,"A":18},"94":{"ColorID":94,"Label":94,"R":255,"G":236,"B":236,"A":18},"95":{"ColorID":95,"Label":95,"R":255,"G":236,"B":236,"A":18},"96":{"ColorID":96,"Label":96,"R":255,"G":236,"B":236,"A":18},"97":{"ColorID":97,"Label":97,"R":255,"G":235,"B":235,"A":19},"98":{"ColorID":98,"Label":98,"R":255,"G":235,"B":235,"A":19},"99":{"ColorID":99,"Label":99,"R":255,"G":235,"B":235,"A":19},"100":{"ColorID":100,"Label":100,"R":255,"G":235,"B":235,"A":19},"101":{"ColorID":101,"Label":101,"R":255,"G":235,"B":235,"A":19},"102":{"ColorID":102,"Label":102,"R":255,"G":234,"B":234,"A":20},"103":{"ColorID":103,"Label":103,"R":255,"G":234,"B":234,"A":20},"104":{"ColorID":104,"Label":104,"R":255,"G":234,"B":234,"A":20},"105":{"ColorID":105,"Label":105,"R":255,"G":234,"B":234,"A":20},"106":{"ColorID":106,"Label":106,"R":255,"G":234,"B":234,"A":20},"107":{"ColorID":107,"Label":107,"R":255,"G":233,"B":233,"A":21},"108":{"ColorID":108,"Label":108,"R":255,"G":233,"B":233,"A":21},"109":{"ColorID":109,"Label":109,"R":255,"G":233,"B":233,"A":21},"110":{"ColorID":110,"Label":110,"R":255,"G":233,"B":233,"A":21},"111":{"ColorID":111,"Label":111,"R":255,"G":233,"B":233,"A":21},"112":{"ColorID":112,"Label":112,"R":255,"G":232,"B":232,"A":22},"113":{"ColorID":113,"Label":113,"R":255,"G":232,"B":232,"A":22},"114":{"ColorID":114,"Label":114,"R":255,"G":232,"B":232,"A":22},"115":{"ColorID":115,"Label":115,"R":255,"G":232,"B":232,"A":22},"116":{"ColorID":116,"Label":116,"R":255,"G":232,"B":232,"A":22},"117":{"ColorID":117,"Label":117,"R":255,"G":231,"B":231,"A":23},"118":{"ColorID":118,"Label":118,"R":255,"G":231,"B":231,"A":23},"119":{"ColorID":119,"Label":119,"R":255,"G":231,"B":231,"A":23},"120":{"ColorID":120,"Label":120,"R":255,"G":231,"B":231,"A":23},"121":{"ColorID":121,"Label":121,"R":255,"G":231,"B":231,"A":23},"122":{"ColorID":122,"Label":122,"R":255,"G":230,"B":230,"A":24},"123":{"ColorID":123,"Label":123,"R":255,"G":230,"B":230,"A":24},"124":{"ColorID":124,"Label":124,"R":255,"G":230,"B":230,"A":24},"125":{"ColorID":125,"Label":125,"R":255,"G":230,"B":230,"A":24},"126":{"ColorID":126,"Label":126,"R":255,"G":230,"B":230,"A":24},"127":{"ColorID":127,"Label":127,"R":255,"G":229,"B":229,"A":25},"128":{"ColorID":128,"Label":128,"R":255,"G":229,"B":229,"A":25},"129":{"ColorID":129,"Label":129,"R":255,"G":229,"B":229,"A":25},"130":{"ColorID":130,"Label":130,"R":255,"G":229,"B":229,"A":25},"131":{"ColorID":131,"Label":131,"R":255,"G":229,"B":229,"A":25},"132":{"ColorID":132,"Label":132,"R":255,"G":228,"B":228,"A":26},"133":{"ColorID":133,"Label":133,"R":255,"G":228,"B":228,"A":26},"134":{"ColorID":134,"Label":134,"R":255,"G":228,"B":228,"A":26},"135":{"ColorID":135,"Label":135,"R":255,"G":228,"B":228,"A":26},"136":{"ColorID":136,"Label":136,"R":255,"G":228,"B":228,"A":26},"137":{"ColorID":137,"Label":137,"R":255,"G":227,"B":227,"A":27},"138":{"ColorID":138,"Label":138,"R":255,"G":227,"B":227,"A":27},"139":{"ColorID":139,"Label":139,"R":255,"G":227,"B":227,"A":27},"140":{"ColorID":140,"Label":140,"R":255,"G":227,"B":227,"A":27},"141":{"ColorID":141,"Label":141,"R":255,"G":227,"B":227,"A":27},"142":{"ColorID":142,"Label":142,"R":255,"G":226,"B":226,"A":28},"143":{"ColorID":143,"Label":143,"R":255,"G":226,"B":226,"A":28},"144":{"ColorID":144,"Label":144,"R":255,"G":226,"B":226,"A":28},"145":{"ColorID":145,"Label":145,"R":255,"G":226,"B":226,"A":28},"146":{"ColorID":146,"Label":146,"R":255,"G":226,"B":226,"A":28},"147":{"ColorID":147,"Label":147,"R":255,"G":225,"B":225,"A":29},"148":{"ColorID":148,"Label":148,"R":255,"G":225,"B":225,"A":29},"149":{"ColorID":149,"Label":149,"R":255,"G":225,"B":225,"A":29},"150":{"ColorID":150,"Label":150,"R":255,"G":225,"B":225,"A":29},"151":{"ColorID":151,"Label":151,"R":255,"G":225,"B":225,"A":29},"152":{"ColorID":152,"Label":152,"R":255,"G":224,"B":224,"A":30},"153":{"ColorID":153,"Label":153,"R":255,"G":224,"B":224,"A":30},"154":{"ColorID":154,"Label":154,"R":255,"G":224,"B":224,"A":30},"155":{"ColorID":155,"Label":155,"R":255,"G":224,"B":224,"A":30},"156":{"ColorID":156,"Label":156,"R":255,"G":224,"B":224,"A":30},"157":{"ColorID":157,"Label":157,"R":255,"G":223,"B":223,"A":31},"158":{"ColorID":158,"Label":158,"R":255,"G":223,"B":223,"A":31},"159":{"ColorID":159,"Label":159,"R":255,"G":223,"B":223,"A":31},"160":{"ColorID":160,"Label":160,"R":255,"G":223,"B":223,"A":31},"161":{"ColorID":161,"Label":161,"R":255,"G":223,"B":223,"A":31},"162":{"ColorID":162,"Label":162,"R":255,"G":223,"B":223,"A":31},"163":{"ColorID":163,"Label":163,"R":255,"G":222,"B":222,"A":32},"164":{"ColorID":164,"Label":164,"R":255,"G":222,"B":222,"A":32},"165":{"ColorID":165,"Label":165,"R":255,"G":222,"B":222,"A":32},"166":{"ColorID":166,"Label":166,"R":255,"G":222,"B":222,"A":32},"167":{"ColorID":167,"Label":167,"R":255,"G":222,"B":222,"A":32},"168":{"ColorID":168,"Label":168,"R":255,"G":221,"B":221,"A":33},"169":{"ColorID":169,"Label":169,"R":255,"G":221,"B":221,"A":33},"170":{"ColorID":170,"Label":170,"R":255,"G":221,"B":221,"A":33},"171":{"ColorID":171,"Label":171,"R":255,"G":221,"B":221,"A":33},"172":{"ColorID":172,"Label":172,"R":255,"G":221,"B":221,"A":33},"173":{"ColorID":173,"Label":173,"R":255,"G":220,"B":220,"A":34},"174":{"ColorID":174,"Label":174,"R":255,"G":220,"B":220,"A":34},"175":{"ColorID":175,"Label":175,"R":255,"G":220,"B":220,"A":34},"176":{"ColorID":176,"Label":176,"R":255,"G":220,"B":220,"A":34},"177":{"ColorID":177,"Label":177,"R":255,"G":220,"B":220,"A":34},"178":{"ColorID":178,"Label":178,"R":255,"G":219,"B":219,"A":35},"179":{"ColorID":179,"Label":179,"R":255,"G":219,"B":219,"A":35},"180":{"ColorID":180,"Label":180,"R":255,"G":219,"B":219,"A":35},"181":{"ColorID":181,"Label":181,"R":255,"G":219,"B":219,"A":35},"182":{"ColorID":182,"Label":182,"R":255,"G":219,"B":219,"A":35},"183":{"ColorID":183,"Label":183,"R":255,"G":218,"B":218,"A":36},"184":{"ColorID":184,"Label":184,"R":255,"G":218,"B":218,"A":36},"185":{"ColorID":185,"Label":185,"R":255,"G":218,"B":218,"A":36},"186":{"ColorID":186,"Label":186,"R":255,"G":218,"B":218,"A":36},"187":{"ColorID":187,"Label":187,"R":255,"G":218,"B":218,"A":36},"188":{"ColorID":188,"Label":188,"R":255,"G":217,"B":217,"A":37},"189":{"ColorID":189,"Label":189,"R":255,"G":217,"B":217,"A":37},"190":{"ColorID":190,"Label":190,"R":255,"G":217,"B":217,"A":37},"191":{"ColorID":191,"Label":191,"R":255,"G":217,"B":217,"A":37},"192":{"ColorID":192,"Label":192,"R":255,"G":217,"B":217,"A":37},"193":{"ColorID":193,"Label":193,"R":255,"G":216,"B":216,"A":38},"194":{"ColorID":194,"Label":194,"R":255,"G":216,"B":216,"A":38},"195":{"ColorID":195,"Label":195,"R":255,"G":216,"B":216,"A":38},"196":{"ColorID":196,"Label":196,"R":255,"G":216,"B":216,"A":38},"197":{"ColorID":197,"Label":197,"R":255,"G":216,"B":216,"A":38},"198":{"ColorID":198,"Label":198,"R":255,"G":215,"B":215,"A":39},"199":{"ColorID":199,"Label":199,"R":255,"G":215,"B":215,"A":39},"200":{"ColorID":200,"Label":200,"R":255,"G":215,"B":215,"A":39},"201":{"ColorID":201,"Label":201,"R":255,"G":215,"B":215,"A":39},"202":{"ColorID":202,"Label":202,"R":255,"G":215,"B":215,"A":39},"203":{"ColorID":203,"Label":203,"R":255,"G":214,"B":214,"A":40},"204":{"ColorID":204,"Label":204,"R":255,"G":214,"B":214,"A":40},"205":{"ColorID":205,"Label":205,"R":255,"G":214,"B":214,"A":40},"206":{"ColorID":206,"Label":206,"R":255,"G":214,"B":214,"A":40},"207":{"ColorID":207,"Label":207,"R":255,"G":214,"B":214,"A":40},"208":{"ColorID":208,"Label":208,"R":255,"G":213,"B":213,"A":41},"209":{"ColorID":209,"Label":209,"R":255,"G":213,"B":213,"A":41},"210":{"ColorID":210,"Label":210,"R":255,"G":213,"B":213,"A":41},"211":{"ColorID":211,"Label":211,"R":255,"G":213,"B":213,"A":41},"212":{"ColorID":212,"Label":212,"R":255,"G":213,"B":213,"A":41},"213":{"ColorID":213,"Label":213,"R":255,"G":212,"B":212,"A":42},"214":{"ColorID":214,"Label":214,"R":255,"G":212,"B":212,"A":42},"215":{"ColorID":215,"Label":215,"R":255,"G":212,"B":212,"A":42},"216":{"ColorID":216,"Label":216,"R":255,"G":212,"B":212,"A":42},"217":{"ColorID":217,"Label":217,"R":255,"G":212,"B":212,"A":42},"218":{"ColorID":218,"Label":218,"R":255,"G":211,"B":211,"A":43},"219":{"ColorID":219,"Label":219,"R":255,"G":211,"B":211,"A":43},"220":{"ColorID":220,"Label":220,"R":255,"G":211,"B":211,"A":43},"221":{"ColorID":221,"Label":221,"R":255,"G":211,"B":211,"A":43},"222":{"ColorID":222,"Label":222,"R":255,"G":211,"B":211,"A":43},"223":{"ColorID":223,"Label":223,"R":255,"G":210,"B":210,"A":44},"224":{"ColorID":224,"Label":224,"R":255,"G":210,"B":210,"A":44},"225":{"ColorID":225,"Label":225,"R":255,"G":210,"B":210,"A":44},"226":{"ColorID":226,"Label":226,"R":255,"G":210,"B":210,"A":44},"227":{"ColorID":227,"Label":227,"R":255,"G":210,"B":210,"A":44},"228":{"ColorID":228,"Label":228,"R":255,"G":209,"B":209,"A":45},"229":{"ColorID":229,"Label":229,"R":255,"G":209,"B":209,"A":45},"230":{"ColorID":230,"Label":230,"R":255,"G":209,"B":209,"A":45},"231":{"ColorID":231,"Label":231,"R":255,"G":209,"B":209,"A":45},"232":{"ColorID":232,"Label":232,"R":255,"G":209,"B":209,"A":45},"233":{"ColorID":233,"Label":233,"R":255,"G":208,"B":208,"A":46},"234":{"ColorID":234,"Label":234,"R":255,"G":208,"B":208,"A":46},"235":{"ColorID":235,"Label":235,"R":255,"G":208,"B":208,"A":46},"236":{"ColorID":236,"Label":236,"R":255,"G":208,"B":208,"A":46},"237":{"ColorID":237,"Label":237,"R":255,"G":208,"B":208,"A":46},"238":{"ColorID":238,"Label":238,"R":255,"G":207,"B":207,"A":47},"239":{"ColorID":239,"Label":239,"R":255,"G":207,"B":207,"A":47},"240":{"ColorID":240,"Label":240,"R":255,"G":207,"B":207,"A":47},"241":{"ColorID":241,"Label":241,"R":255,"G":207,"B":207,"A":47},"242":{"ColorID":242,"Label":242,"R":255,"G":207,"B":207,"A":47},"243":{"ColorID":243,"Label":243,"R":255,"G":207,"B":207,"A":47},"244":{"ColorID":244,"Label":244,"R":255,"G":206,"B":206,"A":48},"245":{"ColorID":245,"Label":245,"R":255,"G":206,"B":206,"A":48},"246":{"ColorID":246,"Label":246,"R":255,"G":206,"B":206,"A":48},"247":{"ColorID":247,"Label":247,"R":255,"G":206,"B":206,"A":48},"248":{"ColorID":248,"Label":248,"R":255,"G":206,"B":206,"A":48},"249":{"ColorID":249,"Label":249,"R":255,"G":205,"B":205,"A":49},"250":{"ColorID":250,"Label":250,"R":255,"G":205,"B":205,"A":49},"251":{"ColorID":251,"Label":251,"R":255,"G":205,"B":205,"A":49},"252":{"ColorID":252,"Label":252,"R":255,"G":205,"B":205,"A":49},"253":{"ColorID":253,"Label":253,"R":255,"G":205,"B":205,"A":49},"254":{"ColorID":254,"Label":254,"R":255,"G":204,"B":204,"A":50},"255":{"ColorID":255,"Label":255,"R":255,"G":204,"B":204,"A":50},"256":{"ColorID":256,"Label":256,"R":255,"G":204,"B":204,"A":50},"257":{"ColorID":257,"Label":257,"R":255,"G":204,"B":204,"A":50},"258":{"ColorID":258,"Label":258,"R":255,"G":204,"B":204,"A":50},"259":{"ColorID":259,"Label":259,"R":255,"G":203,"B":203,"A":51},"260":{"ColorID":260,"Label":260,"R":255,"G":203,"B":203,"A":51},"261":{"ColorID":261,"Label":261,"R":255,"G":203,"B":203,"A":51},"262":{"ColorID":262,"Label":262,"R":255,"G":203,"B":203,"A":51},"263":{"ColorID":263,"Label":263,"R":255,"G":203,"B":203,"A":51},"264":{"ColorID":264,"Label":264,"R":255,"G":202,"B":202,"A":52},"265":{"ColorID":265,"Label":265,"R":255,"G":202,"B":202,"A":52},"266":{"ColorID":266,"Label":266,"R":255,"G":202,"B":202,"A":52},"267":{"ColorID":267,"Label":267,"R":255,"G":202,"B":202,"A":52},"268":{"ColorID":268,"Label":268,"R":255,"G":202,"B":202,"A":52},"269":{"ColorID":269,"Label":269,"R":255,"G":201,"B":201,"A":53},"270":{"ColorID":270,"Label":270,"R":255,"G":201,"B":201,"A":53},"271":{"ColorID":271,"Label":271,"R":255,"G":201,"B":201,"A":53},"272":{"ColorID":272,"Label":272,"R":255,"G":201,"B":201,"A":53},"273":{"ColorID":273,"Label":273,"R":255,"G":201,"B":201,"A":53},"274":{"ColorID":274,"Label":274,"R":255,"G":200,"B":200,"A":54},"275":{"ColorID":275,"Label":275,"R":255,"G":200,"B":200,"A":54},"276":{"ColorID":276,"Label":276,"R":255,"G":200,"B":200,"A":54},"277":{"ColorID":277,"Label":277,"R":255,"G":200,"B":200,"A":54},"278":{"ColorID":278,"Label":278,"R":255,"G":200,"B":200,"A":54},"279":{"ColorID":279,"Label":279,"R":255,"G":199,"B":199,"A":55},"280":{"ColorID":280,"Label":280,"R":255,"G":199,"B":199,"A":55},"281":{"ColorID":281,"Label":281,"R":255,"G":199,"B":199,"A":55},"282":{"ColorID":282,"Label":282,"R":255,"G":199,"B":199,"A":55},"283":{"ColorID":283,"Label":283,"R":255,"G":199,"B":199,"A":55},"284":{"ColorID":284,"Label":284,"R":255,"G":198,"B":198,"A":56},"285":{"ColorID":285,"Label":285,"R":255,"G":198,"B":198,"A":56},"286":{"ColorID":286,"Label":286,"R":255,"G":198,"B":198,"A":56},"287":{"ColorID":287,"Label":287,"R":255,"G":198,"B":198,"A":56},"288":{"ColorID":288,"Label":288,"R":255,"G":198,"B":198,"A":56},"289":{"ColorID":289,"Label":289,"R":255,"G":197,"B":197,"A":57},"290":{"ColorID":290,"Label":290,"R":255,"G":197,"B":197,"A":57},"291":{"ColorID":291,"Label":291,"R":255,"G":197,"B":197,"A":57},"292":{"ColorID":292,"Label":292,"R":255,"G":197,"B":197,"A":57},"293":{"ColorID":293,"Label":293,"R":255,"G":197,"B":197,"A":57},"294":{"ColorID":294,"Label":294,"R":255,"G":196,"B":196,"A":58},"295":{"ColorID":295,"Label":295,"R":255,"G":196,"B":196,"A":58},"296":{"ColorID":296,"Label":296,"R":255,"G":196,"B":196,"A":58},"297":{"ColorID":297,"Label":297,"R":255,"G":196,"B":196,"A":58},"298":{"ColorID":298,"Label":298,"R":255,"G":196,"B":196,"A":58},"299":{"ColorID":299,"Label":299,"R":255,"G":195,"B":195,"A":59},"300":{"ColorID":300,"Label":300,"R":255,"G":195,"B":195,"A":59},"301":{"ColorID":301,"Label":301,"R":255,"G":195,"B":195,"A":59},"302":{"ColorID":302,"Label":302,"R":255,"G":195,"B":195,"A":59},"303":{"ColorID":303,"Label":303,"R":255,"G":195,"B":195,"A":59},"304":{"ColorID":304,"Label":304,"R":255,"G":194,"B":194,"A":60},"305":{"ColorID":305,"Label":305,"R":255,"G":194,"B":194,"A":60},"306":{"ColorID":306,"Label":306,"R":255,"G":194,"B":194,"A":60},"307":{"ColorID":307,"Label":307,"R":255,"G":194,"B":194,"A":60},"308":{"ColorID":308,"Label":308,"R":255,"G":194,"B":194,"A":60},"309":{"ColorID":309,"Label":309,"R":255,"G":193,"B":193,"A":61},"310":{"ColorID":310,"Label":310,"R":255,"G":193,"B":193,"A":61},"311":{"ColorID":311,"Label":311,"R":255,"G":193,"B":193,"A":61},"312":{"ColorID":312,"Label":312,"R":255,"G":193,"B":193,"A":61},"313":{"ColorID":313,"Label":313,"R":255,"G":193,"B":193,"A":61},"314":{"ColorID":314,"Label":314,"R":255,"G":192,"B":192,"A":62},"315":{"ColorID":315,"Label":315,"R":255,"G":192,"B":192,"A":62},"316":{"ColorID":316,"Label":316,"R":255,"G":192,"B":192,"A":62},"317":{"ColorID":317,"Label":317,"R":255,"G":192,"B":192,"A":62},"318":{"ColorID":318,"Label":318,"R":255,"G":192,"B":192,"A":62},"319":{"ColorID":319,"Label":319,"R":255,"G":191,"B":191,"A":63},"320":{"ColorID":320,"Label":320,"R":255,"G":191,"B":191,"A":63},"321":{"ColorID":321,"Label":321,"R":255,"G":191,"B":191,"A":63},"322":{"ColorID":322,"Label":322,"R":255,"G":191,"B":191,"A":63},"323":{"ColorID":323,"Label":323,"R":255,"G":191,"B":191,"A":63},"324":{"ColorID":324,"Label":324,"R":255,"G":191,"B":191,"A":63},"325":{"ColorID":325,"Label":325,"R":255,"G":190,"B":190,"A":64},"326":{"ColorID":326,"Label":326,"R":255,"G":190,"B":190,"A":64},"327":{"ColorID":327,"Label":327,"R":255,"G":190,"B":190,"A":64},"328":{"ColorID":328,"Label":328,"R":255,"G":190,"B":190,"A":64},"329":{"ColorID":329,"Label":329,"R":255,"G":190,"B":190,"A":64},"330":{"ColorID":330,"Label":330,"R":255,"G":189,"B":189,"A":65},"331":{"ColorID":331,"Label":331,"R":255,"G":189,"B":189,"A":65},"332":{"ColorID":332,"Label":332,"R":255,"G":189,"B":189,"A":65},"333":{"ColorID":333,"Label":333,"R":255,"G":189,"B":189,"A":65},"334":{"ColorID":334,"Label":334,"R":255,"G":189,"B":189,"A":65},"335":{"ColorID":335,"Label":335,"R":255,"G":188,"B":188,"A":66},"336":{"ColorID":336,"Label":336,"R":255,"G":188,"B":188,"A":66},"337":{"ColorID":337,"Label":337,"R":255,"G":188,"B":188,"A":66},"338":{"ColorID":338,"Label":338,"R":255,"G":188,"B":188,"A":66},"339":{"ColorID":339,"Label":339,"R":255,"G":188,"B":188,"A":66},"340":{"ColorID":340,"Label":340,"R":255,"G":187,"B":187,"A":67},"341":{"ColorID":341,"Label":341,"R":255,"G":187,"B":187,"A":67},"342":{"ColorID":342,"Label":342,"R":255,"G":187,"B":187,"A":67},"343":{"ColorID":343,"Label":343,"R":255,"G":187,"B":187,"A":67},"344":{"ColorID":344,"Label":344,"R":255,"G":187,"B":187,"A":67},"345":{"ColorID":345,"Label":345,"R":255,"G":186,"B":186,"A":68},"346":{"ColorID":346,"Label":346,"R":255,"G":186,"B":186,"A":68},"347":{"ColorID":347,"Label":347,"R":255,"G":186,"B":186,"A":68},"348":{"ColorID":348,"Label":348,"R":255,"G":186,"B":186,"A":68},"349":{"ColorID":349,"Label":349,"R":255,"G":186,"B":186,"A":68},"350":{"ColorID":350,"Label":350,"R":255,"G":185,"B":185,"A":69},"351":{"ColorID":351,"Label":351,"R":255,"G":185,"B":185,"A":69},"352":{"ColorID":352,"Label":352,"R":255,"G":185,"B":185,"A":69},"353":{"ColorID":353,"Label":353,"R":255,"G":185,"B":185,"A":69},"354":{"ColorID":354,"Label":354,"R":255,"G":185,"B":185,"A":69},"355":{"ColorID":355,"Label":355,"R":255,"G":184,"B":184,"A":70},"356":{"ColorID":356,"Label":356,"R":255,"G":184,"B":184,"A":70},"357":{"ColorID":357,"Label":357,"R":255,"G":184,"B":184,"A":70},"358":{"ColorID":358,"Label":358,"R":255,"G":184,"B":184,"A":70},"359":{"ColorID":359,"Label":359,"R":255,"G":184,"B":184,"A":70},"360":{"ColorID":360,"Label":360,"R":255,"G":183,"B":183,"A":71},"361":{"ColorID":361,"Label":361,"R":255,"G":183,"B":183,"A":71},"362":{"ColorID":362,"Label":362,"R":255,"G":183,"B":183,"A":71},"363":{"ColorID":363,"Label":363,"R":255,"G":183,"B":183,"A":71},"364":{"ColorID":364,"Label":364,"R":255,"G":183,"B":183,"A":71},"365":{"ColorID":365,"Label":365,"R":255,"G":182,"B":182,"A":72},"366":{"ColorID":366,"Label":366,"R":255,"G":182,"B":182,"A":72},"367":{"ColorID":367,"Label":367,"R":255,"G":182,"B":182,"A":72},"368":{"ColorID":368,"Label":368,"R":255,"G":182,"B":182,"A":72},"369":{"ColorID":369,"Label":369,"R":255,"G":182,"B":182,"A":72},"370":{"ColorID":370,"Label":370,"R":255,"G":181,"B":181,"A":73},"371":{"ColorID":371,"Label":371,"R":255,"G":181,"B":181,"A":73},"372":{"ColorID":372,"Label":372,"R":255,"G":181,"B":181,"A":73},"373":{"ColorID":373,"Label":373,"R":255,"G":181,"B":181,"A":73},"374":{"ColorID":374,"Label":374,"R":255,"G":181,"B":181,"A":73},"375":{"ColorID":375,"Label":375,"R":255,"G":180,"B":180,"A":74},"376":{"ColorID":376,"Label":376,"R":255,"G":180,"B":180,"A":74},"377":{"ColorID":377,"Label":377,"R":255,"G":180,"B":180,"A":74},"378":{"ColorID":378,"Label":378,"R":255,"G":180,"B":180,"A":74},"379":{"ColorID":379,"Label":379,"R":255,"G":180,"B":180,"A":74},"380":{"ColorID":380,"Label":380,"R":255,"G":179,"B":179,"A":75},"381":{"ColorID":381,"Label":381,"R":255,"G":179,"B":179,"A":75},"382":{"ColorID":382,"Label":382,"R":255,"G":179,"B":179,"A":75},"383":{"ColorID":383,"Label":383,"R":255,"G":179,"B":179,"A":75},"384":{"ColorID":384,"Label":384,"R":255,"G":179,"B":179,"A":75},"385":{"ColorID":385,"Label":385,"R":255,"G":178,"B":178,"A":76},"386":{"ColorID":386,"Label":386,"R":255,"G":178,"B":178,"A":76},"387":{"ColorID":387,"Label":387,"R":255,"G":178,"B":178,"A":76},"388":{"ColorID":388,"Label":388,"R":255,"G":178,"B":178,"A":76},"389":{"ColorID":389,"Label":389,"R":255,"G":178,"B":178,"A":76},"390":{"ColorID":390,"Label":390,"R":255,"G":177,"B":177,"A":77},"391":{"ColorID":391,"Label":391,"R":255,"G":177,"B":177,"A":77},"392":{"ColorID":392,"Label":392,"R":255,"G":177,"B":177,"A":77},"393":{"ColorID":393,"Label":393,"R":255,"G":177,"B":177,"A":77},"394":{"ColorID":394,"Label":394,"R":255,"G":177,"B":177,"A":77},"395":{"ColorID":395,"Label":395,"R":255,"G":176,"B":176,"A":78},"396":{"ColorID":396,"Label":396,"R":255,"G":176,"B":176,"A":78},"397":{"ColorID":397,"Label":397,"R":255,"G":176,"B":176,"A":78},"398":{"ColorID":398,"Label":398,"R":255,"G":176,"B":176,"A":78},"399":{"ColorID":399,"Label":399,"R":255,"G":176,"B":176,"A":78},"400":{"ColorID":400,"Label":400,"R":255,"G":175,"B":175,"A":79},"401":{"ColorID":401,"Label":401,"R":255,"G":175,"B":175,"A":79},"402":{"ColorID":402,"Label":402,"R":255,"G":175,"B":175,"A":79},"403":{"ColorID":403,"Label":403,"R":255,"G":175,"B":175,"A":79},"404":{"ColorID":404,"Label":404,"R":255,"G":175,"B":175,"A":79},"405":{"ColorID":405,"Label":405,"R":255,"G":175,"B":175,"A":79},"406":{"ColorID":406,"Label":406,"R":255,"G":174,"B":174,"A":80},"407":{"ColorID":407,"Label":407,"R":255,"G":174,"B":174,"A":80},"408":{"ColorID":408,"Label":408,"R":255,"G":174,"B":174,"A":80},"409":{"ColorID":409,"Label":409,"R":255,"G":174,"B":174,"A":80},"410":{"ColorID":410,"Label":410,"R":255,"G":174,"B":174,"A":80},"411":{"ColorID":411,"Label":411,"R":255,"G":173,"B":173,"A":81},"412":{"ColorID":412,"Label":412,"R":255,"G":173,"B":173,"A":81},"413":{"ColorID":413,"Label":413,"R":255,"G":173,"B":173,"A":81},"414":{"ColorID":414,"Label":414,"R":255,"G":173,"B":173,"A":81},"415":{"ColorID":415,"Label":415,"R":255,"G":173,"B":173,"A":81},"416":{"ColorID":416,"Label":416,"R":255,"G":172,"B":172,"A":82},"417":{"ColorID":417,"Label":417,"R":255,"G":172,"B":172,"A":82},"418":{"ColorID":418,"Label":418,"R":255,"G":172,"B":172,"A":82},"419":{"ColorID":419,"Label":419,"R":255,"G":172,"B":172,"A":82},"420":{"ColorID":420,"Label":420,"R":255,"G":172,"B":172,"A":82},"421":{"ColorID":421,"Label":421,"R":255,"G":171,"B":171,"A":83},"422":{"ColorID":422,"Label":422,"R":255,"G":171,"B":171,"A":83},"423":{"ColorID":423,"Label":423,"R":255,"G":171,"B":171,"A":83},"424":{"ColorID":424,"Label":424,"R":255,"G":171,"B":171,"A":83},"425":{"ColorID":425,"Label":425,"R":255,"G":171,"B":171,"A":83},"426":{"ColorID":426,"Label":426,"R":255,"G":170,"B":170,"A":84},"427":{"ColorID":427,"Label":427,"R":255,"G":170,"B":170,"A":84},"428":{"ColorID":428,"Label":428,"R":255,"G":170,"B":170,"A":84},"429":{"ColorID":429,"Label":429,"R":255,"G":170,"B":170,"A":84},"430":{"ColorID":430,"Label":430,"R":255,"G":170,"B":170,"A":84},"431":{"ColorID":431,"Label":431,"R":255,"G":169,"B":169,"A":85},"432":{"ColorID":432,"Label":432,"R":255,"G":169,"B":169,"A":85},"433":{"ColorID":433,"Label":433,"R":255,"G":169,"B":169,"A":85},"434":{"ColorID":434,"Label":434,"R":255,"G":169,"B":169,"A":85},"435":{"ColorID":435,"Label":435,"R":255,"G":169,"B":169,"A":85},"436":{"ColorID":436,"Label":436,"R":255,"G":168,"B":168,"A":86},"437":{"ColorID":437,"Label":437,"R":255,"G":168,"B":168,"A":86},"438":{"ColorID":438,"Label":438,"R":255,"G":168,"B":168,"A":86},"439":{"ColorID":439,"Label":439,"R":255,"G":168,"B":168,"A":86},"440":{"ColorID":440,"Label":440,"R":255,"G":168,"B":168,"A":86},"441":{"ColorID":441,"Label":441,"R":255,"G":167,"B":167,"A":87},"442":{"ColorID":442,"Label":442,"R":255,"G":167,"B":167,"A":87},"443":{"ColorID":443,"Label":443,"R":255,"G":167,"B":167,"A":87},"444":{"ColorID":444,"Label":444,"R":255,"G":167,"B":167,"A":87},"445":{"ColorID":445,"Label":445,"R":255,"G":167,"B":167,"A":87},"446":{"ColorID":446,"Label":446,"R":255,"G":166,"B":166,"A":88},"447":{"ColorID":447,"Label":447,"R":255,"G":166,"B":166,"A":88},"448":{"ColorID":448,"Label":448,"R":255,"G":166,"B":166,"A":88},"449":{"ColorID":449,"Label":449,"R":255,"G":166,"B":166,"A":88},"450":{"ColorID":450,"Label":450,"R":255,"G":166,"B":166,"A":88},"451":{"ColorID":451,"Label":451,"R":255,"G":165,"B":165,"A":89},"452":{"ColorID":452,"Label":452,"R":255,"G":165,"B":165,"A":89},"453":{"ColorID":453,"Label":453,"R":255,"G":165,"B":165,"A":89},"454":{"ColorID":454,"Label":454,"R":255,"G":165,"B":165,"A":89},"455":{"ColorID":455,"Label":455,"R":255,"G":165,"B":165,"A":89},"456":{"ColorID":456,"Label":456,"R":255,"G":164,"B":164,"A":90},"457":{"ColorID":457,"Label":457,"R":255,"G":164,"B":164,"A":90},"458":{"ColorID":458,"Label":458,"R":255,"G":164,"B":164,"A":90},"459":{"ColorID":459,"Label":459,"R":255,"G":164,"B":164,"A":90},"460":{"ColorID":460,"Label":460,"R":255,"G":164,"B":164,"A":90},"461":{"ColorID":461,"Label":461,"R":255,"G":163,"B":163,"A":91},"462":{"ColorID":462,"Label":462,"R":255,"G":163,"B":163,"A":91},"463":{"ColorID":463,"Label":463,"R":255,"G":163,"B":163,"A":91},"464":{"ColorID":464,"Label":464,"R":255,"G":163,"B":163,"A":91},"465":{"ColorID":465,"Label":465,"R":255,"G":163,"B":163,"A":91},"466":{"ColorID":466,"Label":466,"R":255,"G":162,"B":162,"A":92},"467":{"ColorID":467,"Label":467,"R":255,"G":162,"B":162,"A":92},"468":{"ColorID":468,"Label":468,"R":255,"G":162,"B":162,"A":92},"469":{"ColorID":469,"Label":469,"R":255,"G":162,"B":162,"A":92},"470":{"ColorID":470,"Label":470,"R":255,"G":162,"B":162,"A":92},"471":{"ColorID":471,"Label":471,"R":255,"G":161,"B":161,"A":93},"472":{"ColorID":472,"Label":472,"R":255,"G":161,"B":161,"A":93},"473":{"ColorID":473,"Label":473,"R":255,"G":161,"B":161,"A":93},"474":{"ColorID":474,"Label":474,"R":255,"G":161,"B":161,"A":93},"475":{"ColorID":475,"Label":475,"R":255,"G":161,"B":161,"A":93},"476":{"ColorID":476,"Label":476,"R":255,"G":160,"B":160,"A":94},"477":{"ColorID":477,"Label":477,"R":255,"G":160,"B":160,"A":94},"478":{"ColorID":478,"Label":478,"R":255,"G":160,"B":160,"A":94},"479":{"ColorID":479,"Label":479,"R":255,"G":160,"B":160,"A":94},"480":{"ColorID":480,"Label":480,"R":255,"G":160,"B":160,"A":94},"481":{"ColorID":481,"Label":481,"R":255,"G":159,"B":159,"A":95},"482":{"ColorID":482,"Label":482,"R":255,"G":159,"B":159,"A":95},"483":{"ColorID":483,"Label":483,"R":255,"G":159,"B":159,"A":95},"484":{"ColorID":484,"Label":484,"R":255,"G":159,"B":159,"A":95},"485":{"ColorID":485,"Label":485,"R":255,"G":159,"B":159,"A":95},"486":{"ColorID":486,"Label":486,"R":255,"G":159,"B":159,"A":95},"487":{"ColorID":487,"Label":487,"R":255,"G":158,"B":158,"A":96},"488":{"ColorID":488,"Label":488,"R":255,"G":158,"B":158,"A":96},"489":{"ColorID":489,"Label":489,"R":255,"G":158,"B":158,"A":96},"490":{"ColorID":490,"Label":490,"R":255,"G":158,"B":158,"A":96},"491":{"ColorID":491,"Label":491,"R":255,"G":158,"B":158,"A":96},"492":{"ColorID":492,"Label":492,"R":255,"G":157,"B":157,"A":97},"493":{"ColorID":493,"Label":493,"R":255,"G":157,"B":157,"A":97},"494":{"ColorID":494,"Label":494,"R":255,"G":157,"B":157,"A":97},"495":{"ColorID":495,"Label":495,"R":255,"G":157,"B":157,"A":97},"496":{"ColorID":496,"Label":496,"R":255,"G":157,"B":157,"A":97},"497":{"ColorID":497,"Label":497,"R":255,"G":156,"B":156,"A":98},"498":{"ColorID":498,"Label":498,"R":255,"G":156,"B":156,"A":98},"499":{"ColorID":499,"Label":499,"R":255,"G":156,"B":156,"A":98},"500":{"ColorID":500,"Label":500,"R":255,"G":156,"B":156,"A":98},"501":{"ColorID":501,"Label":501,"R":255,"G":156,"B":156,"A":98},"502":{"ColorID":502,"Label":502,"R":255,"G":155,"B":155,"A":99},"503":{"ColorID":503,"Label":503,"R":255,"G":155,"B":155,"A":99},"504":{"ColorID":504,"Label":504,"R":255,"G":155,"B":155,"A":99},"505":{"ColorID":505,"Label":505,"R":255,"G":155,"B":155,"A":99},"506":{"ColorID":506,"Label":506,"R":255,"G":155,"B":155,"A":99},"507":{"ColorID":507,"Label":507,"R":255,"G":154,"B":154,"A":100},"508":{"ColorID":508,"Label":508,"R":255,"G":154,"B":154,"A":100},"509":{"ColorID":509,"Label":509,"R":255,"G":154,"B":154,"A":100},"510":{"ColorID":510,"Label":510,"R":255,"G":154,"B":154,"A":100},"511":{"ColorID":511,"Label":511,"R":255,"G":154,"B":154,"A":100},"512":{"ColorID":512,"Label":512,"R":255,"G":153,"B":153,"A":101},"513":{"ColorID":513,"Label":513,"R":255,"G":153,"B":153,"A":101},"514":{"ColorID":514,"Label":514,"R":255,"G":153,"B":153,"A":101},"515":{"ColorID":515,"Label":515,"R":255,"G":153,"B":153,"A":101},"516":{"ColorID":516,"Label":516,"R":255,"G":153,"B":153,"A":101},"517":{"ColorID":517,"Label":517,"R":255,"G":152,"B":152,"A":102},"518":{"ColorID":518,"Label":518,"R":255,"G":152,"B":152,"A":102},"519":{"ColorID":519,"Label":519,"R":255,"G":152,"B":152,"A":102},"520":{"ColorID":520,"Label":520,"R":255,"G":152,"B":152,"A":102},"521":{"ColorID":521,"Label":521,"R":255,"G":152,"B":152,"A":102},"522":{"ColorID":522,"Label":522,"R":255,"G":151,"B":151,"A":103},"523":{"ColorID":523,"Label":523,"R":255,"G":151,"B":151,"A":103},"524":{"ColorID":524,"Label":524,"R":255,"G":151,"B":151,"A":103},"525":{"ColorID":525,"Label":525,"R":255,"G":151,"B":151,"A":103},"526":{"ColorID":526,"Label":526,"R":255,"G":151,"B":151,"A":103},"527":{"ColorID":527,"Label":527,"R":255,"G":150,"B":150,"A":104},"528":{"ColorID":528,"Label":528,"R":255,"G":150,"B":150,"A":104},"529":{"ColorID":529,"Label":529,"R":255,"G":150,"B":150,"A":104},"530":{"ColorID":530,"Label":530,"R":255,"G":150,"B":150,"A":104},"531":{"ColorID":531,"Label":531,"R":255,"G":150,"B":150,"A":104},"532":{"ColorID":532,"Label":532,"R":255,"G":149,"B":149,"A":105},"533":{"ColorID":533,"Label":533,"R":255,"G":149,"B":149,"A":105},"534":{"ColorID":534,"Label":534,"R":255,"G":149,"B":149,"A":105},"535":{"ColorID":535,"Label":535,"R":255,"G":149,"B":149,"A":105},"536":{"ColorID":536,"Label":536,"R":255,"G":149,"B":149,"A":105},"537":{"ColorID":537,"Label":537,"R":255,"G":148,"B":148,"A":106},"538":{"ColorID":538,"Label":538,"R":255,"G":148,"B":148,"A":106},"539":{"ColorID":539,"Label":539,"R":255,"G":148,"B":148,"A":106},"540":{"ColorID":540,"Label":540,"R":255,"G":148,"B":148,"A":106},"541":{"ColorID":541,"Label":541,"R":255,"G":148,"B":148,"A":106},"542":{"ColorID":542,"Label":542,"R":255,"G":147,"B":147,"A":107},"543":{"ColorID":543,"Label":543,"R":255,"G":147,"B":147,"A":107},"544":{"ColorID":544,"Label":544,"R":255,"G":147,"B":147,"A":107},"545":{"ColorID":545,"Label":545,"R":255,"G":147,"B":147,"A":107},"546":{"ColorID":546,"Label":546,"R":255,"G":147,"B":147,"A":107},"547":{"ColorID":547,"Label":547,"R":255,"G":146,"B":146,"A":108},"548":{"ColorID":548,"Label":548,"R":255,"G":146,"B":146,"A":108},"549":{"ColorID":549,"Label":549,"R":255,"G":146,"B":146,"A":108},"550":{"ColorID":550,"Label":550,"R":255,"G":146,"B":146,"A":108},"551":{"ColorID":551,"Label":551,"R":255,"G":146,"B":146,"A":108},"552":{"ColorID":552,"Label":552,"R":255,"G":145,"B":145,"A":109},"553":{"ColorID":553,"Label":553,"R":255,"G":145,"B":145,"A":109},"554":{"ColorID":554,"Label":554,"R":255,"G":145,"B":145,"A":109},"555":{"ColorID":555,"Label":555,"R":255,"G":145,"B":145,"A":109},"556":{"ColorID":556,"Label":556,"R":255,"G":145,"B":145,"A":109},"557":{"ColorID":557,"Label":557,"R":255,"G":144,"B":144,"A":110},"558":{"ColorID":558,"Label":558,"R":255,"G":144,"B":144,"A":110},"559":{"ColorID":559,"Label":559,"R":255,"G":144,"B":144,"A":110},"560":{"ColorID":560,"Label":560,"R":255,"G":144,"B":144,"A":110},"561":{"ColorID":561,"Label":561,"R":255,"G":144,"B":144,"A":110},"562":{"ColorID":562,"Label":562,"R":255,"G":143,"B":143,"A":111},"563":{"ColorID":563,"Label":563,"R":255,"G":143,"B":143,"A":111},"564":{"ColorID":564,"Label":564,"R":255,"G":143,"B":143,"A":111},"565":{"ColorID":565,"Label":565,"R":255,"G":143,"B":143,"A":111},"566":{"ColorID":566,"Label":566,"R":255,"G":143,"B":143,"A":111},"567":{"ColorID":567,"Label":567,"R":255,"G":143,"B":143,"A":111},"568":{"ColorID":568,"Label":568,"R":255,"G":142,"B":142,"A":112},"569":{"ColorID":569,"Label":569,"R":255,"G":142,"B":142,"A":112},"570":{"ColorID":570,"Label":570,"R":255,"G":142,"B":142,"A":112},"571":{"ColorID":571,"Label":571,"R":255,"G":142,"B":142,"A":112},"572":{"ColorID":572,"Label":572,"R":255,"G":142,"B":142,"A":112},"573":{"ColorID":573,"Label":573,"R":255,"G":141,"B":141,"A":113},"574":{"ColorID":574,"Label":574,"R":255,"G":141,"B":141,"A":113},"575":{"ColorID":575,"Label":575,"R":255,"G":141,"B":141,"A":113},"576":{"ColorID":576,"Label":576,"R":255,"G":141,"B":141,"A":113},"577":{"ColorID":577,"Label":577,"R":255,"G":141,"B":141,"A":113},"578":{"ColorID":578,"Label":578,"R":255,"G":140,"B":140,"A":114},"579":{"ColorID":579,"Label":579,"R":255,"G":140,"B":140,"A":114},"580":{"ColorID":580,"Label":580,"R":255,"G":140,"B":140,"A":114},"581":{"ColorID":581,"Label":581,"R":255,"G":140,"B":140,"A":114},"582":{"ColorID":582,"Label":582,"R":255,"G":140,"B":140,"A":114},"583":{"ColorID":583,"Label":583,"R":255,"G":139,"B":139,"A":115},"584":{"ColorID":584,"Label":584,"R":255,"G":139,"B":139,"A":115},"585":{"ColorID":585,"Label":585,"R":255,"G":139,"B":139,"A":115},"586":{"ColorID":586,"Label":586,"R":255,"G":139,"B":139,"A":115},"587":{"ColorID":587,"Label":587,"R":255,"G":139,"B":139,"A":115},"588":{"ColorID":588,"Label":588,"R":255,"G":138,"B":138,"A":116},"589":{"ColorID":589,"Label":589,"R":255,"G":138,"B":138,"A":116},"590":{"ColorID":590,"Label":590,"R":255,"G":138,"B":138,"A":116},"591":{"ColorID":591,"Label":591,"R":255,"G":138,"B":138,"A":116},"592":{"ColorID":592,"Label":592,"R":255,"G":138,"B":138,"A":116},"593":{"ColorID":593,"Label":593,"R":255,"G":137,"B":137,"A":117},"594":{"ColorID":594,"Label":594,"R":255,"G":137,"B":137,"A":117},"595":{"ColorID":595,"Label":595,"R":255,"G":137,"B":137,"A":117},"596":{"ColorID":596,"Label":596,"R":255,"G":137,"B":137,"A":117},"597":{"ColorID":597,"Label":597,"R":255,"G":137,"B":137,"A":117},"598":{"ColorID":598,"Label":598,"R":255,"G":136,"B":136,"A":118},"599":{"ColorID":599,"Label":599,"R":255,"G":136,"B":136,"A":118},"600":{"ColorID":600,"Label":600,"R":255,"G":136,"B":136,"A":118},"601":{"ColorID":601,"Label":601,"R":255,"G":136,"B":136,"A":118},"602":{"ColorID":602,"Label":602,"R":255,"G":136,"B":136,"A":118},"603":{"ColorID":603,"Label":603,"R":255,"G":135,"B":135,"A":119},"604":{"ColorID":604,"Label":604,"R":255,"G":135,"B":135,"A":119},"605":{"ColorID":605,"Label":605,"R":255,"G":135,"B":135,"A":119},"606":{"ColorID":606,"Label":606,"R":255,"G":135,"B":135,"A":119},"607":{"ColorID":607,"Label":607,"R":255,"G":135,"B":135,"A":119},"608":{"ColorID":608,"Label":608,"R":255,"G":134,"B":134,"A":120},"609":{"ColorID":609,"Label":609,"R":255,"G":134,"B":134,"A":120},"610":{"ColorID":610,"Label":610,"R":255,"G":134,"B":134,"A":120},"611":{"ColorID":611,"Label":611,"R":255,"G":134,"B":134,"A":120},"612":{"ColorID":612,"Label":612,"R":255,"G":134,"B":134,"A":120},"613":{"ColorID":613,"Label":613,"R":255,"G":133,"B":133,"A":121},"614":{"ColorID":614,"Label":614,"R":255,"G":133,"B":133,"A":121},"615":{"ColorID":615,"Label":615,"R":255,"G":133,"B":133,"A":121},"616":{"ColorID":616,"Label":616,"R":255,"G":133,"B":133,"A":121},"617":{"ColorID":617,"Label":617,"R":255,"G":133,"B":133,"A":121},"618":{"ColorID":618,"Label":618,"R":255,"G":132,"B":132,"A":122},"619":{"ColorID":619,"Label":619,"R":255,"G":132,"B":132,"A":122},"620":{"ColorID":620,"Label":620,"R":255,"G":132,"B":132,"A":122},"621":{"ColorID":621,"Label":621,"R":255,"G":132,"B":132,"A":122},"622":{"ColorID":622,"Label":622,"R":255,"G":132,"B":132,"A":122},"623":{"ColorID":623,"Label":623,"R":255,"G":131,"B":131,"A":123},"624":{"ColorID":624,"Label":624,"R":255,"G":131,"B":131,"A":123},"625":{"ColorID":625,"Label":625,"R":255,"G":131,"B":131,"A":123},"626":{"ColorID":626,"Label":626,"R":255,"G":131,"B":131,"A":123},"627":{"ColorID":627,"Label":627,"R":255,"G":131,"B":131,"A":123},"628":{"ColorID":628,"Label":628,"R":255,"G":130,"B":130,"A":124},"629":{"ColorID":629,"Label":629,"R":255,"G":130,"B":130,"A":124},"630":{"ColorID":630,"Label":630,"R":255,"G":130,"B":130,"A":124},"631":{"ColorID":631,"Label":631,"R":255,"G":130,"B":130,"A":124},"632":{"ColorID":632,"Label":632,"R":255,"G":130,"B":130,"A":124},"633":{"ColorID":633,"Label":633,"R":255,"G":129,"B":129,"A":125},"634":{"ColorID":634,"Label":634,"R":255,"G":129,"B":129,"A":125},"635":{"ColorID":635,"Label":635,"R":255,"G":129,"B":129,"A":125},"636":{"ColorID":636,"Label":636,"R":255,"G":129,"B":129,"A":125},"637":{"ColorID":637,"Label":637,"R":255,"G":129,"B":129,"A":125},"638":{"ColorID":638,"Label":638,"R":255,"G":128,"B":128,"A":126},"639":{"ColorID":639,"Label":639,"R":255,"G":128,"B":128,"A":126},"640":{"ColorID":640,"Label":640,"R":255,"G":128,"B":128,"A":126},"641":{"ColorID":641,"Label":641,"R":255,"G":128,"B":128,"A":126},"642":{"ColorID":642,"Label":642,"R":255,"G":128,"B":128,"A":126},"643":{"ColorID":643,"Label":643,"R":255,"G":127,"B":127,"A":127},"644":{"ColorID":644,"Label":644,"R":255,"G":127,"B":127,"A":127},"645":{"ColorID":645,"Label":645,"R":255,"G":127,"B":127,"A":127},"646":{"ColorID":646,"Label":646,"R":255,"G":127,"B":127,"A":127},"647":{"ColorID":647,"Label":647,"R":255,"G":127,"B":127,"A":127},"648":{"ColorID":648,"Label":648,"R":255,"G":127,"B":127,"A":127},"649":{"ColorID":649,"Label":649,"R":255,"G":126,"B":126,"A":128},"650":{"ColorID":650,"Label":650,"R":255,"G":126,"B":126,"A":128},"651":{"ColorID":651,"Label":651,"R":255,"G":126,"B":126,"A":128},"652":{"ColorID":652,"Label":652,"R":255,"G":126,"B":126,"A":128},"653":{"ColorID":653,"Label":653,"R":255,"G":126,"B":126,"A":128},"654":{"ColorID":654,"Label":654,"R":255,"G":125,"B":125,"A":129},"655":{"ColorID":655,"Label":655,"R":255,"G":125,"B":125,"A":129},"656":{"ColorID":656,"Label":656,"R":255,"G":125,"B":125,"A":129},"657":{"ColorID":657,"Label":657,"R":255,"G":125,"B":125,"A":129},"658":{"ColorID":658,"Label":658,"R":255,"G":125,"B":125,"A":129},"659":{"ColorID":659,"Label":659,"R":255,"G":124,"B":124,"A":130},"660":{"ColorID":660,"Label":660,"R":255,"G":124,"B":124,"A":130},"661":{"ColorID":661,"Label":661,"R":255,"G":124,"B":124,"A":130},"662":{"ColorID":662,"Label":662,"R":255,"G":124,"B":124,"A":130},"663":{"ColorID":663,"Label":663,"R":255,"G":124,"B":124,"A":130},"664":{"ColorID":664,"Label":664,"R":255,"G":123,"B":123,"A":131},"665":{"ColorID":665,"Label":665,"R":255,"G":123,"B":123,"A":131},"666":{"ColorID":666,"Label":666,"R":255,"G":123,"B":123,"A":131},"667":{"ColorID":667,"Label":667,"R":255,"G":123,"B":123,"A":131},"668":{"ColorID":668,"Label":668,"R":255,"G":123,"B":123,"A":131},"669":{"ColorID":669,"Label":669,"R":255,"G":122,"B":122,"A":132},"670":{"ColorID":670,"Label":670,"R":255,"G":122,"B":122,"A":132},"671":{"ColorID":671,"Label":671,"R":255,"G":122,"B":122,"A":132},"672":{"ColorID":672,"Label":672,"R":255,"G":122,"B":122,"A":132},"673":{"ColorID":673,"Label":673,"R":255,"G":122,"B":122,"A":132},"674":{"ColorID":674,"Label":674,"R":255,"G":121,"B":121,"A":133},"675":{"ColorID":675,"Label":675,"R":255,"G":121,"B":121,"A":133},"676":{"ColorID":676,"Label":676,"R":255,"G":121,"B":121,"A":133},"677":{"ColorID":677,"Label":677,"R":255,"G":121,"B":121,"A":133},"678":{"ColorID":678,"Label":678,"R":255,"G":121,"B":121,"A":133},"679":{"ColorID":679,"Label":679,"R":255,"G":120,"B":120,"A":134},"680":{"ColorID":680,"Label":680,"R":255,"G":120,"B":120,"A":134},"681":{"ColorID":681,"Label":681,"R":255,"G":120,"B":120,"A":134},"682":{"ColorID":682,"Label":682,"R":255,"G":120,"B":120,"A":134},"683":{"ColorID":683,"Label":683,"R":255,"G":120,"B":120,"A":134},"684":{"ColorID":684,"Label":684,"R":255,"G":119,"B":119,"A":135},"685":{"ColorID":685,"Label":685,"R":255,"G":119,"B":119,"A":135},"686":{"ColorID":686,"Label":686,"R":255,"G":119,"B":119,"A":135},"687":{"ColorID":687,"Label":687,"R":255,"G":119,"B":119,"A":135},"688":{"ColorID":688,"Label":688,"R":255,"G":119,"B":119,"A":135},"689":{"ColorID":689,"Label":689,"R":255,"G":118,"B":118,"A":136},"690":{"ColorID":690,"Label":690,"R":255,"G":118,"B":118,"A":136},"691":{"ColorID":691,"Label":691,"R":255,"G":118,"B":118,"A":136},"692":{"ColorID":692,"Label":692,"R":255,"G":118,"B":118,"A":136},"693":{"ColorID":693,"Label":693,"R":255,"G":118,"B":118,"A":136},"694":{"ColorID":694,"Label":694,"R":255,"G":117,"B":117,"A":137},"695":{"ColorID":695,"Label":695,"R":255,"G":117,"B":117,"A":137},"696":{"ColorID":696,"Label":696,"R":255,"G":117,"B":117,"A":137},"697":{"ColorID":697,"Label":697,"R":255,"G":117,"B":117,"A":137},"698":{"ColorID":698,"Label":698,"R":255,"G":117,"B":117,"A":137},"699":{"ColorID":699,"Label":699,"R":255,"G":116,"B":116,"A":138},"700":{"ColorID":700,"Label":700,"R":255,"G":116,"B":116,"A":138},"701":{"ColorID":701,"Label":701,"R":255,"G":116,"B":116,"A":138},"702":{"ColorID":702,"Label":702,"R":255,"G":116,"B":116,"A":138},"703":{"ColorID":703,"Label":703,"R":255,"G":116,"B":116,"A":138},"704":{"ColorID":704,"Label":704,"R":255,"G":115,"B":115,"A":139},"705":{"ColorID":705,"Label":705,"R":255,"G":115,"B":115,"A":139},"706":{"ColorID":706,"Label":706,"R":255,"G":115,"B":115,"A":139},"707":{"ColorID":707,"Label":707,"R":255,"G":115,"B":115,"A":139},"708":{"ColorID":708,"Label":708,"R":255,"G":115,"B":115,"A":139},"709":{"ColorID":709,"Label":709,"R":255,"G":114,"B":114,"A":140},"710":{"ColorID":710,"Label":710,"R":255,"G":114,"B":114,"A":140},"711":{"ColorID":711,"Label":711,"R":255,"G":114,"B":114,"A":140},"712":{"ColorID":712,"Label":712,"R":255,"G":114,"B":114,"A":140},"713":{"ColorID":713,"Label":713,"R":255,"G":114,"B":114,"A":140},"714":{"ColorID":714,"Label":714,"R":255,"G":113,"B":113,"A":141},"715":{"ColorID":715,"Label":715,"R":255,"G":113,"B":113,"A":141},"716":{"ColorID":716,"Label":716,"R":255,"G":113,"B":113,"A":141},"717":{"ColorID":717,"Label":717,"R":255,"G":113,"B":113,"A":141},"718":{"ColorID":718,"Label":718,"R":255,"G":113,"B":113,"A":141},"719":{"ColorID":719,"Label":719,"R":255,"G":112,"B":112,"A":142},"720":{"ColorID":720,"Label":720,"R":255,"G":112,"B":112,"A":142},"721":{"ColorID":721,"Label":721,"R":255,"G":112,"B":112,"A":142},"722":{"ColorID":722,"Label":722,"R":255,"G":112,"B":112,"A":142},"723":{"ColorID":723,"Label":723,"R":255,"G":112,"B":112,"A":142},"724":{"ColorID":724,"Label":724,"R":255,"G":111,"B":111,"A":143},"725":{"ColorID":725,"Label":725,"R":255,"G":111,"B":111,"A":143},"726":{"ColorID":726,"Label":726,"R":255,"G":111,"B":111,"A":143},"727":{"ColorID":727,"Label":727,"R":255,"G":111,"B":111,"A":143},"728":{"ColorID":728,"Label":728,"R":255,"G":111,"B":111,"A":143},"729":{"ColorID":729,"Label":729,"R":255,"G":111,"B":111,"A":143},"730":{"ColorID":730,"Label":730,"R":255,"G":110,"B":110,"A":144},"731":{"ColorID":731,"Label":731,"R":255,"G":110,"B":110,"A":144},"732":{"ColorID":732,"Label":732,"R":255,"G":110,"B":110,"A":144},"733":{"ColorID":733,"Label":733,"R":255,"G":110,"B":110,"A":144},"734":{"ColorID":734,"Label":734,"R":255,"G":110,"B":110,"A":144},"735":{"ColorID":735,"Label":735,"R":255,"G":109,"B":109,"A":145},"736":{"ColorID":736,"Label":736,"R":255,"G":109,"B":109,"A":145},"737":{"ColorID":737,"Label":737,"R":255,"G":109,"B":109,"A":145},"738":{"ColorID":738,"Label":738,"R":255,"G":109,"B":109,"A":145},"739":{"ColorID":739,"Label":739,"R":255,"G":109,"B":109,"A":145},"740":{"ColorID":740,"Label":740,"R":255,"G":108,"B":108,"A":146},"741":{"ColorID":741,"Label":741,"R":255,"G":108,"B":108,"A":146},"742":{"ColorID":742,"Label":742,"R":255,"G":108,"B":108,"A":146},"743":{"ColorID":743,"Label":743,"R":255,"G":108,"B":108,"A":146},"744":{"ColorID":744,"Label":744,"R":255,"G":108,"B":108,"A":146},"745":{"ColorID":745,"Label":745,"R":255,"G":107,"B":107,"A":147},"746":{"ColorID":746,"Label":746,"R":255,"G":107,"B":107,"A":147},"747":{"ColorID":747,"Label":747,"R":255,"G":107,"B":107,"A":147},"748":{"ColorID":748,"Label":748,"R":255,"G":107,"B":107,"A":147},"749":{"ColorID":749,"Label":749,"R":255,"G":107,"B":107,"A":147},"750":{"ColorID":750,"Label":750,"R":255,"G":106,"B":106,"A":148},"751":{"ColorID":751,"Label":751,"R":255,"G":106,"B":106,"A":148},"752":{"ColorID":752,"Label":752,"R":255,"G":106,"B":106,"A":148},"753":{"ColorID":753,"Label":753,"R":255,"G":106,"B":106,"A":148},"754":{"ColorID":754,"Label":754,"R":255,"G":106,"B":106,"A":148},"755":{"ColorID":755,"Label":755,"R":255,"G":105,"B":105,"A":149},"756":{"ColorID":756,"Label":756,"R":255,"G":105,"B":105,"A":149},"757":{"ColorID":757,"Label":757,"R":255,"G":105,"B":105,"A":149},"758":{"ColorID":758,"Label":758,"R":255,"G":105,"B":105,"A":149},"759":{"ColorID":759,"Label":759,"R":255,"G":105,"B":105,"A":149},"760":{"ColorID":760,"Label":760,"R":255,"G":104,"B":104,"A":150},"761":{"ColorID":761,"Label":761,"R":255,"G":104,"B":104,"A":150},"762":{"ColorID":762,"Label":762,"R":255,"G":104,"B":104,"A":150},"763":{"ColorID":763,"Label":763,"R":255,"G":104,"B":104,"A":150},"764":{"ColorID":764,"Label":764,"R":255,"G":104,"B":104,"A":150},"765":{"ColorID":765,"Label":765,"R":255,"G":103,"B":103,"A":151},"766":{"ColorID":766,"Label":766,"R":255,"G":103,"B":103,"A":151},"767":{"ColorID":767,"Label":767,"R":255,"G":103,"B":103,"A":151},"768":{"ColorID":768,"Label":768,"R":255,"G":103,"B":103,"A":151},"769":{"ColorID":769,"Label":769,"R":255,"G":103,"B":103,"A":151},"770":{"ColorID":770,"Label":770,"R":255,"G":102,"B":102,"A":152},"771":{"ColorID":771,"Label":771,"R":255,"G":102,"B":102,"A":152},"772":{"ColorID":772,"Label":772,"R":255,"G":102,"B":102,"A":152},"773":{"ColorID":773,"Label":773,"R":255,"G":102,"B":102,"A":152},"774":{"ColorID":774,"Label":774,"R":255,"G":102,"B":102,"A":152},"775":{"ColorID":775,"Label":775,"R":255,"G":101,"B":101,"A":153},"776":{"ColorID":776,"Label":776,"R":255,"G":101,"B":101,"A":153},"777":{"ColorID":777,"Label":777,"R":255,"G":101,"B":101,"A":153},"778":{"ColorID":778,"Label":778,"R":255,"G":101,"B":101,"A":153},"779":{"ColorID":779,"Label":779,"R":255,"G":101,"B":101,"A":153},"780":{"ColorID":780,"Label":780,"R":255,"G":100,"B":100,"A":154},"781":{"ColorID":781,"Label":781,"R":255,"G":100,"B":100,"A":154},"782":{"ColorID":782,"Label":782,"R":255,"G":100,"B":100,"A":154},"783":{"ColorID":783,"Label":783,"R":255,"G":100,"B":100,"A":154},"784":{"ColorID":784,"Label":784,"R":255,"G":100,"B":100,"A":154},"785":{"ColorID":785,"Label":785,"R":255,"G":99,"B":99,"A":155},"786":{"ColorID":786,"Label":786,"R":255,"G":99,"B":99,"A":155},"787":{"ColorID":787,"Label":787,"R":255,"G":99,"B":99,"A":155},"788":{"ColorID":788,"Label":788,"R":255,"G":99,"B":99,"A":155},"789":{"ColorID":789,"Label":789,"R":255,"G":99,"B":99,"A":155},"790":{"ColorID":790,"Label":790,"R":255,"G":98,"B":98,"A":156},"791":{"ColorID":791,"Label":791,"R":255,"G":98,"B":98,"A":156},"792":{"ColorID":792,"Label":792,"R":255,"G":98,"B":98,"A":156},"793":{"ColorID":793,"Label":793,"R":255,"G":98,"B":98,"A":156},"794":{"ColorID":794,"Label":794,"R":255,"G":98,"B":98,"A":156},"795":{"ColorID":795,"Label":795,"R":255,"G":97,"B":97,"A":157},"796":{"ColorID":796,"Label":796,"R":255,"G":97,"B":97,"A":157},"797":{"ColorID":797,"Label":797,"R":255,"G":97,"B":97,"A":157},"798":{"ColorID":798,"Label":798,"R":255,"G":97,"B":97,"A":157},"799":{"ColorID":799,"Label":799,"R":255,"G":97,"B":97,"A":157},"800":{"ColorID":800,"Label":800,"R":255,"G":96,"B":96,"A":158},"801":{"ColorID":801,"Label":801,"R":255,"G":96,"B":96,"A":158},"802":{"ColorID":802,"Label":802,"R":255,"G":96,"B":96,"A":158},"803":{"ColorID":803,"Label":803,"R":255,"G":96,"B":96,"A":158},"804":{"ColorID":804,"Label":804,"R":255,"G":96,"B":96,"A":158},"805":{"ColorID":805,"Label":805,"R":255,"G":95,"B":95,"A":159},"806":{"ColorID":806,"Label":806,"R":255,"G":95,"B":95,"A":159},"807":{"ColorID":807,"Label":807,"R":255,"G":95,"B":95,"A":159},"808":{"ColorID":808,"Label":808,"R":255,"G":95,"B":95,"A":159},"809":{"ColorID":809,"Label":809,"R":255,"G":95,"B":95,"A":159},"810":{"ColorID":810,"Label":810,"R":255,"G":95,"B":95,"A":159},"811":{"ColorID":811,"Label":811,"R":255,"G":94,"B":94,"A":160},"812":{"ColorID":812,"Label":812,"R":255,"G":94,"B":94,"A":160},"813":{"ColorID":813,"Label":813,"R":255,"G":94,"B":94,"A":160},"814":{"ColorID":814,"Label":814,"R":255,"G":94,"B":94,"A":160},"815":{"ColorID":815,"Label":815,"R":255,"G":94,"B":94,"A":160},"816":{"ColorID":816,"Label":816,"R":255,"G":93,"B":93,"A":161},"817":{"ColorID":817,"Label":817,"R":255,"G":93,"B":93,"A":161},"818":{"ColorID":818,"Label":818,"R":255,"G":93,"B":93,"A":161},"819":{"ColorID":819,"Label":819,"R":255,"G":93,"B":93,"A":161},"820":{"ColorID":820,"Label":820,"R":255,"G":93,"B":93,"A":161},"821":{"ColorID":821,"Label":821,"R":255,"G":92,"B":92,"A":162},"822":{"ColorID":822,"Label":822,"R":255,"G":92,"B":92,"A":162},"823":{"ColorID":823,"Label":823,"R":255,"G":92,"B":92,"A":162},"824":{"ColorID":824,"Label":824,"R":255,"G":92,"B":92,"A":162},"825":{"ColorID":825,"Label":825,"R":255,"G":92,"B":92,"A":162},"826":{"ColorID":826,"Label":826,"R":255,"G":91,"B":91,"A":163},"827":{"ColorID":827,"Label":827,"R":255,"G":91,"B":91,"A":163},"828":{"ColorID":828,"Label":828,"R":255,"G":91,"B":91,"A":163},"829":{"ColorID":829,"Label":829,"R":255,"G":91,"B":91,"A":163},"830":{"ColorID":830,"Label":830,"R":255,"G":91,"B":91,"A":163},"831":{"ColorID":831,"Label":831,"R":255,"G":90,"B":90,"A":164},"832":{"ColorID":832,"Label":832,"R":255,"G":90,"B":90,"A":164},"833":{"ColorID":833,"Label":833,"R":255,"G":90,"B":90,"A":164},"834":{"ColorID":834,"Label":834,"R":255,"G":90,"B":90,"A":164},"835":{"ColorID":835,"Label":835,"R":255,"G":90,"B":90,"A":164},"836":{"ColorID":836,"Label":836,"R":255,"G":89,"B":89,"A":165},"837":{"ColorID":837,"Label":837,"R":255,"G":89,"B":89,"A":165},"838":{"ColorID":838,"Label":838,"R":255,"G":89,"B":89,"A":165},"839":{"ColorID":839,"Label":839,"R":255,"G":89,"B":89,"A":165},"840":{"ColorID":840,"Label":840,"R":255,"G":89,"B":89,"A":165},"841":{"ColorID":841,"Label":841,"R":255,"G":88,"B":88,"A":166},"842":{"ColorID":842,"Label":842,"R":255,"G":88,"B":88,"A":166},"843":{"ColorID":843,"Label":843,"R":255,"G":88,"B":88,"A":166},"844":{"ColorID":844,"Label":844,"R":255,"G":88,"B":88,"A":166},"845":{"ColorID":845,"Label":845,"R":255,"G":88,"B":88,"A":166},"846":{"ColorID":846,"Label":846,"R":255,"G":87,"B":87,"A":167},"847":{"ColorID":847,"Label":847,"R":255,"G":87,"B":87,"A":167},"848":{"ColorID":848,"Label":848,"R":255,"G":87,"B":87,"A":167},"849":{"ColorID":849,"Label":849,"R":255,"G":87,"B":87,"A":167},"850":{"ColorID":850,"Label":850,"R":255,"G":87,"B":87,"A":167},"851":{"ColorID":851,"Label":851,"R":255,"G":86,"B":86,"A":168},"852":{"ColorID":852,"Label":852,"R":255,"G":86,"B":86,"A":168},"853":{"ColorID":853,"Label":853,"R":255,"G":86,"B":86,"A":168},"854":{"ColorID":854,"Label":854,"R":255,"G":86,"B":86,"A":168},"855":{"ColorID":855,"Label":855,"R":255,"G":86,"B":86,"A":168},"856":{"ColorID":856,"Label":856,"R":255,"G":85,"B":85,"A":169},"857":{"ColorID":857,"Label":857,"R":255,"G":85,"B":85,"A":169},"858":{"ColorID":858,"Label":858,"R":255,"G":85,"B":85,"A":169},"859":{"ColorID":859,"Label":859,"R":255,"G":85,"B":85,"A":169},"860":{"ColorID":860,"Label":860,"R":255,"G":85,"B":85,"A":169},"861":{"ColorID":861,"Label":861,"R":255,"G":84,"B":84,"A":170},"862":{"ColorID":862,"Label":862,"R":255,"G":84,"B":84,"A":170},"863":{"ColorID":863,"Label":863,"R":255,"G":84,"B":84,"A":170},"864":{"ColorID":864,"Label":864,"R":255,"G":84,"B":84,"A":170},"865":{"ColorID":865,"Label":865,"R":255,"G":84,"B":84,"A":170},"866":{"ColorID":866,"Label":866,"R":255,"G":83,"B":83,"A":171},"867":{"ColorID":867,"Label":867,"R":255,"G":83,"B":83,"A":171},"868":{"ColorID":868,"Label":868,"R":255,"G":83,"B":83,"A":171},"869":{"ColorID":869,"Label":869,"R":255,"G":83,"B":83,"A":171},"870":{"ColorID":870,"Label":870,"R":255,"G":83,"B":83,"A":171},"871":{"ColorID":871,"Label":871,"R":255,"G":82,"B":82,"A":172},"872":{"ColorID":872,"Label":872,"R":255,"G":82,"B":82,"A":172},"873":{"ColorID":873,"Label":873,"R":255,"G":82,"B":82,"A":172},"874":{"ColorID":874,"Label":874,"R":255,"G":82,"B":82,"A":172},"875":{"ColorID":875,"Label":875,"R":255,"G":82,"B":82,"A":172},"876":{"ColorID":876,"Label":876,"R":255,"G":81,"B":81,"A":173},"877":{"ColorID":877,"Label":877,"R":255,"G":81,"B":81,"A":173},"878":{"ColorID":878,"Label":878,"R":255,"G":81,"B":81,"A":173},"879":{"ColorID":879,"Label":879,"R":255,"G":81,"B":81,"A":173},"880":{"ColorID":880,"Label":880,"R":255,"G":81,"B":81,"A":173},"881":{"ColorID":881,"Label":881,"R":255,"G":80,"B":80,"A":174},"882":{"ColorID":882,"Label":882,"R":255,"G":80,"B":80,"A":174},"883":{"ColorID":883,"Label":883,"R":255,"G":80,"B":80,"A":174},"884":{"ColorID":884,"Label":884,"R":255,"G":80,"B":80,"A":174},"885":{"ColorID":885,"Label":885,"R":255,"G":80,"B":80,"A":174},"886":{"ColorID":886,"Label":886,"R":255,"G":79,"B":79,"A":175},"887":{"ColorID":887,"Label":887,"R":255,"G":79,"B":79,"A":175},"888":{"ColorID":888,"Label":888,"R":255,"G":79,"B":79,"A":175},"889":{"ColorID":889,"Label":889,"R":255,"G":79,"B":79,"A":175},"890":{"ColorID":890,"Label":890,"R":255,"G":79,"B":79,"A":175},"891":{"ColorID":891,"Label":891,"R":255,"G":79,"B":79,"A":175},"892":{"ColorID":892,"Label":892,"R":255,"G":78,"B":78,"A":176},"893":{"ColorID":893,"Label":893,"R":255,"G":78,"B":78,"A":176},"894":{"ColorID":894,"Label":894,"R":255,"G":78,"B":78,"A":176},"895":{"ColorID":895,"Label":895,"R":255,"G":78,"B":78,"A":176},"896":{"ColorID":896,"Label":896,"R":255,"G":78,"B":78,"A":176},"897":{"ColorID":897,"Label":897,"R":255,"G":77,"B":77,"A":177},"898":{"ColorID":898,"Label":898,"R":255,"G":77,"B":77,"A":177},"899":{"ColorID":899,"Label":899,"R":255,"G":77,"B":77,"A":177},"900":{"ColorID":900,"Label":900,"R":255,"G":77,"B":77,"A":177},"901":{"ColorID":901,"Label":901,"R":255,"G":77,"B":77,"A":177},"902":{"ColorID":902,"Label":902,"R":255,"G":76,"B":76,"A":178},"903":{"ColorID":903,"Label":903,"R":255,"G":76,"B":76,"A":178},"904":{"ColorID":904,"Label":904,"R":255,"G":76,"B":76,"A":178},"905":{"ColorID":905,"Label":905,"R":255,"G":76,"B":76,"A":178},"906":{"ColorID":906,"Label":906,"R":255,"G":76,"B":76,"A":178},"907":{"ColorID":907,"Label":907,"R":255,"G":75,"B":75,"A":179},"908":{"ColorID":908,"Label":908,"R":255,"G":75,"B":75,"A":179},"909":{"ColorID":909,"Label":909,"R":255,"G":75,"B":75,"A":179},"910":{"ColorID":910,"Label":910,"R":255,"G":75,"B":75,"A":179},"911":{"ColorID":911,"Label":911,"R":255,"G":75,"B":75,"A":179},"912":{"ColorID":912,"Label":912,"R":255,"G":74,"B":74,"A":180},"913":{"ColorID":913,"Label":913,"R":255,"G":74,"B":74,"A":180},"914":{"ColorID":914,"Label":914,"R":255,"G":74,"B":74,"A":180},"915":{"ColorID":915,"Label":915,"R":255,"G":74,"B":74,"A":180},"916":{"ColorID":916,"Label":916,"R":255,"G":74,"B":74,"A":180},"917":{"ColorID":917,"Label":917,"R":255,"G":73,"B":73,"A":181},"918":{"ColorID":918,"Label":918,"R":255,"G":73,"B":73,"A":181},"919":{"ColorID":919,"Label":919,"R":255,"G":73,"B":73,"A":181},"920":{"ColorID":920,"Label":920,"R":255,"G":73,"B":73,"A":181},"921":{"ColorID":921,"Label":921,"R":255,"G":73,"B":73,"A":181},"922":{"ColorID":922,"Label":922,"R":255,"G":72,"B":72,"A":182},"923":{"ColorID":923,"Label":923,"R":255,"G":72,"B":72,"A":182},"924":{"ColorID":924,"Label":924,"R":255,"G":72,"B":72,"A":182},"925":{"ColorID":925,"Label":925,"R":255,"G":72,"B":72,"A":182},"926":{"ColorID":926,"Label":926,"R":255,"G":72,"B":72,"A":182},"927":{"ColorID":927,"Label":927,"R":255,"G":71,"B":71,"A":183},"928":{"ColorID":928,"Label":928,"R":255,"G":71,"B":71,"A":183},"929":{"ColorID":929,"Label":929,"R":255,"G":71,"B":71,"A":183},"930":{"ColorID":930,"Label":930,"R":255,"G":71,"B":71,"A":183},"931":{"ColorID":931,"Label":931,"R":255,"G":71,"B":71,"A":183},"932":{"ColorID":932,"Label":932,"R":255,"G":70,"B":70,"A":184},"933":{"ColorID":933,"Label":933,"R":255,"G":70,"B":70,"A":184},"934":{"ColorID":934,"Label":934,"R":255,"G":70,"B":70,"A":184},"935":{"ColorID":935,"Label":935,"R":255,"G":70,"B":70,"A":184},"936":{"ColorID":936,"Label":936,"R":255,"G":70,"B":70,"A":184},"937":{"ColorID":937,"Label":937,"R":255,"G":69,"B":69,"A":185},"938":{"ColorID":938,"Label":938,"R":255,"G":69,"B":69,"A":185},"939":{"ColorID":939,"Label":939,"R":255,"G":69,"B":69,"A":185},"940":{"ColorID":940,"Label":940,"R":255,"G":69,"B":69,"A":185},"941":{"ColorID":941,"Label":941,"R":255,"G":69,"B":69,"A":185},"942":{"ColorID":942,"Label":942,"R":255,"G":68,"B":68,"A":186},"943":{"ColorID":943,"Label":943,"R":255,"G":68,"B":68,"A":186},"944":{"ColorID":944,"Label":944,"R":255,"G":68,"B":68,"A":186},"945":{"ColorID":945,"Label":945,"R":255,"G":68,"B":68,"A":186},"946":{"ColorID":946,"Label":946,"R":255,"G":68,"B":68,"A":186},"947":{"ColorID":947,"Label":947,"R":255,"G":67,"B":67,"A":187},"948":{"ColorID":948,"Label":948,"R":255,"G":67,"B":67,"A":187},"949":{"ColorID":949,"Label":949,"R":255,"G":67,"B":67,"A":187},"950":{"ColorID":950,"Label":950,"R":255,"G":67,"B":67,"A":187},"951":{"ColorID":951,"Label":951,"R":255,"G":67,"B":67,"A":187},"952":{"ColorID":952,"Label":952,"R":255,"G":66,"B":66,"A":188},"953":{"ColorID":953,"Label":953,"R":255,"G":66,"B":66,"A":188},"954":{"ColorID":954,"Label":954,"R":255,"G":66,"B":66,"A":188},"955":{"ColorID":955,"Label":955,"R":255,"G":66,"B":66,"A":188},"956":{"ColorID":956,"Label":956,"R":255,"G":66,"B":66,"A":188},"957":{"ColorID":957,"Label":957,"R":255,"G":65,"B":65,"A":189},"958":{"ColorID":958,"Label":958,"R":255,"G":65,"B":65,"A":189},"959":{"ColorID":959,"Label":959,"R":255,"G":65,"B":65,"A":189},"960":{"ColorID":960,"Label":960,"R":255,"G":65,"B":65,"A":189},"961":{"ColorID":961,"Label":961,"R":255,"G":65,"B":65,"A":189},"962":{"ColorID":962,"Label":962,"R":255,"G":64,"B":64,"A":190},"963":{"ColorID":963,"Label":963,"R":255,"G":64,"B":64,"A":190},"964":{"ColorID":964,"Label":964,"R":255,"G":64,"B":64,"A":190},"965":{"ColorID":965,"Label":965,"R":255,"G":64,"B":64,"A":190},"966":{"ColorID":966,"Label":966,"R":255,"G":64,"B":64,"A":190},"967":{"ColorID":967,"Label":967,"R":255,"G":63,"B":63,"A":191},"968":{"ColorID":968,"Label":968,"R":255,"G":63,"B":63,"A":191},"969":{"ColorID":969,"Label":969,"R":255,"G":63,"B":63,"A":191},"970":{"ColorID":970,"Label":970,"R":255,"G":63,"B":63,"A":191},"971":{"ColorID":971,"Label":971,"R":255,"G":63,"B":63,"A":191},"972":{"ColorID":972,"Label":972,"R":255,"G":63,"B":63,"A":191},"973":{"ColorID":973,"Label":973,"R":255,"G":62,"B":62,"A":192},"974":{"ColorID":974,"Label":974,"R":255,"G":62,"B":62,"A":192},"975":{"ColorID":975,"Label":975,"R":255,"G":62,"B":62,"A":192},"976":{"ColorID":976,"Label":976,"R":255,"G":62,"B":62,"A":192},"977":{"ColorID":977,"Label":977,"R":255,"G":62,"B":62,"A":192},"978":{"ColorID":978,"Label":978,"R":255,"G":61,"B":61,"A":193},"979":{"ColorID":979,"Label":979,"R":255,"G":61,"B":61,"A":193},"980":{"ColorID":980,"Label":980,"R":255,"G":61,"B":61,"A":193},"981":{"ColorID":981,"Label":981,"R":255,"G":61,"B":61,"A":193},"982":{"ColorID":982,"Label":982,"R":255,"G":61,"B":61,"A":193},"983":{"ColorID":983,"Label":983,"R":255,"G":60,"B":60,"A":194},"984":{"ColorID":984,"Label":984,"R":255,"G":60,"B":60,"A":194},"985":{"ColorID":985,"Label":985,"R":255,"G":60,"B":60,"A":194},"986":{"ColorID":986,"Label":986,"R":255,"G":60,"B":60,"A":194},"987":{"ColorID":987,"Label":987,"R":255,"G":60,"B":60,"A":194},"988":{"ColorID":988,"Label":988,"R":255,"G":59,"B":59,"A":195},"989":{"ColorID":989,"Label":989,"R":255,"G":59,"B":59,"A":195},"990":{"ColorID":990,"Label":990,"R":255,"G":59,"B":59,"A":195},"991":{"ColorID":991,"Label":991,"R":255,"G":59,"B":59,"A":195},"992":{"ColorID":992,"Label":992,"R":255,"G":59,"B":59,"A":195},"993":{"ColorID":993,"Label":993,"R":255,"G":58,"B":58,"A":196},"994":{"ColorID":994,"Label":994,"R":255,"G":58,"B":58,"A":196},"995":{"ColorID":995,"Label":995,"R":255,"G":58,"B":58,"A":196},"996":{"ColorID":996,"Label":996,"R":255,"G":58,"B":58,"A":196},"997":{"ColorID":997,"Label":997,"R":255,"G":58,"B":58,"A":196},"998":{"ColorID":998,"Label":998,"R":255,"G":57,"B":57,"A":197},"999":{"ColorID":999,"Label":999,"R":255,"G":57,"B":57,"A":197},"1000":{"ColorID":1000,"Label":1000,"R":255,"G":57,"B":57,"A":197},"1001":{"ColorID":1001,"Label":1001,"R":255,"G":57,"B":57,"A":197},"1002":{"ColorID":1002,"Label":1002,"R":255,"G":57,"B":57,"A":197},"1003":{"ColorID":1003,"Label":1003,"R":255,"G":56,"B":56,"A":198},"1004":{"ColorID":1004,"Label":1004,"R":255,"G":56,"B":56,"A":198},"1005":{"ColorID":1005,"Label":1005,"R":255,"G":56,"B":56,"A":198},"1006":{"ColorID":1006,"Label":1006,"R":255,"G":56,"B":56,"A":198},"1007":{"ColorID":1007,"Label":1007,"R":255,"G":56,"B":56,"A":198},"1008":{"ColorID":1008,"Label":1008,"R":255,"G":55,"B":55,"A":199},"1009":{"ColorID":1009,"Label":1009,"R":255,"G":55,"B":55,"A":199},"1010":{"ColorID":1010,"Label":1010,"R":255,"G":55,"B":55,"A":199},"1011":{"ColorID":1011,"Label":1011,"R":255,"G":55,"B":55,"A":199},"1012":{"ColorID":1012,"Label":1012,"R":255,"G":55,"B":55,"A":199},"1013":{"ColorID":1013,"Label":1013,"R":255,"G":54,"B":54,"A":200},"1014":{"ColorID":1014,"Label":1014,"R":255,"G":54,"B":54,"A":200},"1015":{"ColorID":1015,"Label":1015,"R":255,"G":54,"B":54,"A":200},"1016":{"ColorID":1016,"Label":1016,"R":255,"G":54,"B":54,"A":200},"1017":{"ColorID":1017,"Label":1017,"R":255,"G":54,"B":54,"A":200},"1018":{"ColorID":1018,"Label":1018,"R":255,"G":53,"B":53,"A":201},"1019":{"ColorID":1019,"Label":1019,"R":255,"G":53,"B":53,"A":201},"1020":{"ColorID":1020,"Label":1020,"R":255,"G":53,"B":53,"A":201},"1021":{"ColorID":1021,"Label":1021,"R":255,"G":53,"B":53,"A":201},"1022":{"ColorID":1022,"Label":1022,"R":255,"G":53,"B":53,"A":201},"1023":{"ColorID":1023,"Label":1023,"R":255,"G":52,"B":52,"A":202},"1024":{"ColorID":1024,"Label":1024,"R":255,"G":52,"B":52,"A":202},"1025":{"ColorID":1025,"Label":1025,"R":255,"G":52,"B":52,"A":202},"1026":{"ColorID":1026,"Label":1026,"R":255,"G":52,"B":52,"A":202},"1027":{"ColorID":1027,"Label":1027,"R":255,"G":52,"B":52,"A":202},"1028":{"ColorID":1028,"Label":1028,"R":255,"G":51,"B":51,"A":203},"1029":{"ColorID":1029,"Label":1029,"R":255,"G":51,"B":51,"A":203},"1030":{"ColorID":1030,"Label":1030,"R":255,"G":51,"B":51,"A":203},"1031":{"ColorID":1031,"Label":1031,"R":255,"G":51,"B":51,"A":203},"1032":{"ColorID":1032,"Label":1032,"R":255,"G":51,"B":51,"A":203},"1033":{"ColorID":1033,"Label":1033,"R":255,"G":50,"B":50,"A":204},"1034":{"ColorID":1034,"Label":1034,"R":255,"G":50,"B":50,"A":204},"1035":{"ColorID":1035,"Label":1035,"R":255,"G":50,"B":50,"A":204},"1036":{"ColorID":1036,"Label":1036,"R":255,"G":50,"B":50,"A":204},"1037":{"ColorID":1037,"Label":1037,"R":255,"G":50,"B":50,"A":204},"1038":{"ColorID":1038,"Label":1038,"R":255,"G":49,"B":49,"A":205},"1039":{"ColorID":1039,"Label":1039,"R":255,"G":49,"B":49,"A":205},"1040":{"ColorID":1040,"Label":1040,"R":255,"G":49,"B":49,"A":205},"1041":{"ColorID":1041,"Label":1041,"R":255,"G":49,"B":49,"A":205},"1042":{"ColorID":1042,"Label":1042,"R":255,"G":49,"B":49,"A":205},"1043":{"ColorID":1043,"Label":1043,"R":255,"G":48,"B":48,"A":206},"1044":{"ColorID":1044,"Label":1044,"R":255,"G":48,"B":48,"A":206},"1045":{"ColorID":1045,"Label":1045,"R":255,"G":48,"B":48,"A":206},"1046":{"ColorID":1046,"Label":1046,"R":255,"G":48,"B":48,"A":206},"1047":{"ColorID":1047,"Label":1047,"R":255,"G":48,"B":48,"A":206},"1048":{"ColorID":1048,"Label":1048,"R":255,"G":47,"B":47,"A":207},"1049":{"ColorID":1049,"Label":1049,"R":255,"G":47,"B":47,"A":207},"1050":{"ColorID":1050,"Label":1050,"R":255,"G":47,"B":47,"A":207},"1051":{"ColorID":1051,"Label":1051,"R":255,"G":47,"B":47,"A":207},"1052":{"ColorID":1052,"Label":1052,"R":255,"G":47,"B":47,"A":207},"1053":{"ColorID":1053,"Label":1053,"R":255,"G":47,"B":47,"A":207},"1054":{"ColorID":1054,"Label":1054,"R":255,"G":46,"B":46,"A":208},"1055":{"ColorID":1055,"Label":1055,"R":255,"G":46,"B":46,"A":208},"1056":{"ColorID":1056,"Label":1056,"R":255,"G":46,"B":46,"A":208},"1057":{"ColorID":1057,"Label":1057,"R":255,"G":46,"B":46,"A":208},"1058":{"ColorID":1058,"Label":1058,"R":255,"G":46,"B":46,"A":208},"1059":{"ColorID":1059,"Label":1059,"R":255,"G":45,"B":45,"A":209},"1060":{"ColorID":1060,"Label":1060,"R":255,"G":45,"B":45,"A":209},"1061":{"ColorID":1061,"Label":1061,"R":255,"G":45,"B":45,"A":209},"1062":{"ColorID":1062,"Label":1062,"R":255,"G":45,"B":45,"A":209},"1063":{"ColorID":1063,"Label":1063,"R":255,"G":45,"B":45,"A":209},"1064":{"ColorID":1064,"Label":1064,"R":255,"G":44,"B":44,"A":210},"1065":{"ColorID":1065,"Label":1065,"R":255,"G":44,"B":44,"A":210},"1066":{"ColorID":1066,"Label":1066,"R":255,"G":44,"B":44,"A":210},"1067":{"ColorID":1067,"Label":1067,"R":255,"G":44,"B":44,"A":210},"1068":{"ColorID":1068,"Label":1068,"R":255,"G":44,"B":44,"A":210},"1069":{"ColorID":1069,"Label":1069,"R":255,"G":43,"B":43,"A":211},"1070":{"ColorID":1070,"Label":1070,"R":255,"G":43,"B":43,"A":211},"1071":{"ColorID":1071,"Label":1071,"R":255,"G":43,"B":43,"A":211},"1072":{"ColorID":1072,"Label":1072,"R":255,"G":43,"B":43,"A":211},"1073":{"ColorID":1073,"Label":1073,"R":255,"G":43,"B":43,"A":211},"1074":{"ColorID":1074,"Label":1074,"R":255,"G":42,"B":42,"A":212},"1075":{"ColorID":1075,"Label":1075,"R":255,"G":42,"B":42,"A":212},"1076":{"ColorID":1076,"Label":1076,"R":255,"G":42,"B":42,"A":212},"1077":{"ColorID":1077,"Label":1077,"R":255,"G":42,"B":42,"A":212},"1078":{"ColorID":1078,"Label":1078,"R":255,"G":42,"B":42,"A":212},"1079":{"ColorID":1079,"Label":1079,"R":255,"G":41,"B":41,"A":213},"1080":{"ColorID":1080,"Label":1080,"R":255,"G":41,"B":41,"A":213},"1081":{"ColorID":1081,"Label":1081,"R":255,"G":41,"B":41,"A":213},"1082":{"ColorID":1082,"Label":1082,"R":255,"G":41,"B":41,"A":213},"1083":{"ColorID":1083,"Label":1083,"R":255,"G":41,"B":41,"A":213},"1084":{"ColorID":1084,"Label":1084,"R":255,"G":40,"B":40,"A":214},"1085":{"ColorID":1085,"Label":1085,"R":255,"G":40,"B":40,"A":214},"1086":{"ColorID":1086,"Label":1086,"R":255,"G":40,"B":40,"A":214},"1087":{"ColorID":1087,"Label":1087,"R":255,"G":40,"B":40,"A":214},"1088":{"ColorID":1088,"Label":1088,"R":255,"G":40,"B":40,"A":214},"1089":{"ColorID":1089,"Label":1089,"R":255,"G":39,"B":39,"A":215},"1090":{"ColorID":1090,"Label":1090,"R":255,"G":39,"B":39,"A":215},"1091":{"ColorID":1091,"Label":1091,"R":255,"G":39,"B":39,"A":215},"1092":{"ColorID":1092,"Label":1092,"R":255,"G":39,"B":39,"A":215},"1093":{"ColorID":1093,"Label":1093,"R":255,"G":39,"B":39,"A":215},"1094":{"ColorID":1094,"Label":1094,"R":255,"G":38,"B":38,"A":216},"1095":{"ColorID":1095,"Label":1095,"R":255,"G":38,"B":38,"A":216},"1096":{"ColorID":1096,"Label":1096,"R":255,"G":38,"B":38,"A":216},"1097":{"ColorID":1097,"Label":1097,"R":255,"G":38,"B":38,"A":216},"1098":{"ColorID":1098,"Label":1098,"R":255,"G":38,"B":38,"A":216},"1099":{"ColorID":1099,"Label":1099,"R":255,"G":37,"B":37,"A":217},"1100":{"ColorID":1100,"Label":1100,"R":255,"G":37,"B":37,"A":217},"1101":{"ColorID":1101,"Label":1101,"R":255,"G":37,"B":37,"A":217},"1102":{"ColorID":1102,"Label":1102,"R":255,"G":37,"B":37,"A":217},"1103":{"ColorID":1103,"Label":1103,"R":255,"G":37,"B":37,"A":217},"1104":{"ColorID":1104,"Label":1104,"R":255,"G":36,"B":36,"A":218},"1105":{"ColorID":1105,"Label":1105,"R":255,"G":36,"B":36,"A":218},"1106":{"ColorID":1106,"Label":1106,"R":255,"G":36,"B":36,"A":218},"1107":{"ColorID":1107,"Label":1107,"R":255,"G":36,"B":36,"A":218},"1108":{"ColorID":1108,"Label":1108,"R":255,"G":36,"B":36,"A":218},"1109":{"ColorID":1109,"Label":1109,"R":255,"G":35,"B":35,"A":219},"1110":{"ColorID":1110,"Label":1110,"R":255,"G":35,"B":35,"A":219},"1111":{"ColorID":1111,"Label":1111,"R":255,"G":35,"B":35,"A":219},"1112":{"ColorID":1112,"Label":1112,"R":255,"G":35,"B":35,"A":219},"1113":{"ColorID":1113,"Label":1113,"R":255,"G":35,"B":35,"A":219},"1114":{"ColorID":1114,"Label":1114,"R":255,"G":34,"B":34,"A":220},"1115":{"ColorID":1115,"Label":1115,"R":255,"G":34,"B":34,"A":220},"1116":{"ColorID":1116,"Label":1116,"R":255,"G":34,"B":34,"A":220},"1117":{"ColorID":1117,"Label":1117,"R":255,"G":34,"B":34,"A":220},"1118":{"ColorID":1118,"Label":1118,"R":255,"G":34,"B":34,"A":220},"1119":{"ColorID":1119,"Label":1119,"R":255,"G":33,"B":33,"A":221},"1120":{"ColorID":1120,"Label":1120,"R":255,"G":33,"B":33,"A":221},"1121":{"ColorID":1121,"Label":1121,"R":255,"G":33,"B":33,"A":221},"1122":{"ColorID":1122,"Label":1122,"R":255,"G":33,"B":33,"A":221},"1123":{"ColorID":1123,"Label":1123,"R":255,"G":33,"B":33,"A":221},"1124":{"ColorID":1124,"Label":1124,"R":255,"G":32,"B":32,"A":222},"1125":{"ColorID":1125,"Label":1125,"R":255,"G":32,"B":32,"A":222},"1126":{"ColorID":1126,"Label":1126,"R":255,"G":32,"B":32,"A":222},"1127":{"ColorID":1127,"Label":1127,"R":255,"G":32,"B":32,"A":222},"1128":{"ColorID":1128,"Label":1128,"R":255,"G":32,"B":32,"A":222},"1129":{"ColorID":1129,"Label":1129,"R":255,"G":31,"B":31,"A":223},"1130":{"ColorID":1130,"Label":1130,"R":255,"G":31,"B":31,"A":223},"1131":{"ColorID":1131,"Label":1131,"R":255,"G":31,"B":31,"A":223},"1132":{"ColorID":1132,"Label":1132,"R":255,"G":31,"B":31,"A":223},"1133":{"ColorID":1133,"Label":1133,"R":255,"G":31,"B":31,"A":223},"1134":{"ColorID":1134,"Label":1134,"R":255,"G":31,"B":31,"A":223},"1135":{"ColorID":1135,"Label":1135,"R":255,"G":30,"B":30,"A":224},"1136":{"ColorID":1136,"Label":1136,"R":255,"G":30,"B":30,"A":224},"1137":{"ColorID":1137,"Label":1137,"R":255,"G":30,"B":30,"A":224},"1138":{"ColorID":1138,"Label":1138,"R":255,"G":30,"B":30,"A":224},"1139":{"ColorID":1139,"Label":1139,"R":255,"G":30,"B":30,"A":224},"1140":{"ColorID":1140,"Label":1140,"R":255,"G":29,"B":29,"A":225},"1141":{"ColorID":1141,"Label":1141,"R":255,"G":29,"B":29,"A":225},"1142":{"ColorID":1142,"Label":1142,"R":255,"G":29,"B":29,"A":225},"1143":{"ColorID":1143,"Label":1143,"R":255,"G":29,"B":29,"A":225},"1144":{"ColorID":1144,"Label":1144,"R":255,"G":29,"B":29,"A":225},"1145":{"ColorID":1145,"Label":1145,"R":255,"G":28,"B":28,"A":226},"1146":{"ColorID":1146,"Label":1146,"R":255,"G":28,"B":28,"A":226},"1147":{"ColorID":1147,"Label":1147,"R":255,"G":28,"B":28,"A":226},"1148":{"ColorID":1148,"Label":1148,"R":255,"G":28,"B":28,"A":226},"1149":{"ColorID":1149,"Label":1149,"R":255,"G":28,"B":28,"A":226},"1150":{"ColorID":1150,"Label":1150,"R":255,"G":27,"B":27,"A":227},"1151":{"ColorID":1151,"Label":1151,"R":255,"G":27,"B":27,"A":227},"1152":{"ColorID":1152,"Label":1152,"R":255,"G":27,"B":27,"A":227},"1153":{"ColorID":1153,"Label":1153,"R":255,"G":27,"B":27,"A":227},"1154":{"ColorID":1154,"Label":1154,"R":255,"G":27,"B":27,"A":227},"1155":{"ColorID":1155,"Label":1155,"R":255,"G":26,"B":26,"A":228},"1156":{"ColorID":1156,"Label":1156,"R":255,"G":26,"B":26,"A":228},"1157":{"ColorID":1157,"Label":1157,"R":255,"G":26,"B":26,"A":228},"1158":{"ColorID":1158,"Label":1158,"R":255,"G":26,"B":26,"A":228},"1159":{"ColorID":1159,"Label":1159,"R":255,"G":26,"B":26,"A":228},"1160":{"ColorID":1160,"Label":1160,"R":255,"G":25,"B":25,"A":229},"1161":{"ColorID":1161,"Label":1161,"R":255,"G":25,"B":25,"A":229},"1162":{"ColorID":1162,"Label":1162,"R":255,"G":25,"B":25,"A":229},"1163":{"ColorID":1163,"Label":1163,"R":255,"G":25,"B":25,"A":229},"1164":{"ColorID":1164,"Label":1164,"R":255,"G":25,"B":25,"A":229},"1165":{"ColorID":1165,"Label":1165,"R":255,"G":24,"B":24,"A":230},"1166":{"ColorID":1166,"Label":1166,"R":255,"G":24,"B":24,"A":230},"1167":{"ColorID":1167,"Label":1167,"R":255,"G":24,"B":24,"A":230},"1168":{"ColorID":1168,"Label":1168,"R":255,"G":24,"B":24,"A":230},"1169":{"ColorID":1169,"Label":1169,"R":255,"G":24,"B":24,"A":230},"1170":{"ColorID":1170,"Label":1170,"R":255,"G":23,"B":23,"A":231},"1171":{"ColorID":1171,"Label":1171,"R":255,"G":23,"B":23,"A":231},"1172":{"ColorID":1172,"Label":1172,"R":255,"G":23,"B":23,"A":231},"1173":{"ColorID":1173,"Label":1173,"R":255,"G":23,"B":23,"A":231},"1174":{"ColorID":1174,"Label":1174,"R":255,"G":23,"B":23,"A":231},"1175":{"ColorID":1175,"Label":1175,"R":255,"G":22,"B":22,"A":232},"1176":{"ColorID":1176,"Label":1176,"R":255,"G":22,"B":22,"A":232},"1177":{"ColorID":1177,"Label":1177,"R":255,"G":22,"B":22,"A":232},"1178":{"ColorID":1178,"Label":1178,"R":255,"G":22,"B":22,"A":232},"1179":{"ColorID":1179,"Label":1179,"R":255,"G":22,"B":22,"A":232},"1180":{"ColorID":1180,"Label":1180,"R":255,"G":21,"B":21,"A":233},"1181":{"ColorID":1181,"Label":1181,"R":255,"G":21,"B":21,"A":233},"1182":{"ColorID":1182,"Label":1182,"R":255,"G":21,"B":21,"A":233},"1183":{"ColorID":1183,"Label":1183,"R":255,"G":21,"B":21,"A":233},"1184":{"ColorID":1184,"Label":1184,"R":255,"G":21,"B":21,"A":233},"1185":{"ColorID":1185,"Label":1185,"R":255,"G":20,"B":20,"A":234},"1186":{"ColorID":1186,"Label":1186,"R":255,"G":20,"B":20,"A":234},"1187":{"ColorID":1187,"Label":1187,"R":255,"G":20,"B":20,"A":234},"1188":{"ColorID":1188,"Label":1188,"R":255,"G":20,"B":20,"A":234},"1189":{"ColorID":1189,"Label":1189,"R":255,"G":20,"B":20,"A":234},"1190":{"ColorID":1190,"Label":1190,"R":255,"G":19,"B":19,"A":235},"1191":{"ColorID":1191,"Label":1191,"R":255,"G":19,"B":19,"A":235},"1192":{"ColorID":1192,"Label":1192,"R":255,"G":19,"B":19,"A":235},"1193":{"ColorID":1193,"Label":1193,"R":255,"G":19,"B":19,"A":235},"1194":{"ColorID":1194,"Label":1194,"R":255,"G":19,"B":19,"A":235},"1195":{"ColorID":1195,"Label":1195,"R":255,"G":18,"B":18,"A":236},"1196":{"ColorID":1196,"Label":1196,"R":255,"G":18,"B":18,"A":236},"1197":{"ColorID":1197,"Label":1197,"R":255,"G":18,"B":18,"A":236},"1198":{"ColorID":1198,"Label":1198,"R":255,"G":18,"B":18,"A":236},"1199":{"ColorID":1199,"Label":1199,"R":255,"G":18,"B":18,"A":236},"1200":{"ColorID":1200,"Label":1200,"R":255,"G":17,"B":17,"A":237},"1201":{"ColorID":1201,"Label":1201,"R":255,"G":17,"B":17,"A":237},"1202":{"ColorID":1202,"Label":1202,"R":255,"G":17,"B":17,"A":237},"1203":{"ColorID":1203,"Label":1203,"R":255,"G":17,"B":17,"A":237},"1204":{"ColorID":1204,"Label":1204,"R":255,"G":17,"B":17,"A":237},"1205":{"ColorID":1205,"Label":1205,"R":255,"G":16,"B":16,"A":238},"1206":{"ColorID":1206,"Label":1206,"R":255,"G":16,"B":16,"A":238},"1207":{"ColorID":1207,"Label":1207,"R":255,"G":16,"B":16,"A":238},"1208":{"ColorID":1208,"Label":1208,"R":255,"G":16,"B":16,"A":238},"1209":{"ColorID":1209,"Label":1209,"R":255,"G":16,"B":16,"A":238},"1210":{"ColorID":1210,"Label":1210,"R":255,"G":15,"B":15,"A":239},"1211":{"ColorID":1211,"Label":1211,"R":255,"G":15,"B":15,"A":239},"1212":{"ColorID":1212,"Label":1212,"R":255,"G":15,"B":15,"A":239},"1213":{"ColorID":1213,"Label":1213,"R":255,"G":15,"B":15,"A":239},"1214":{"ColorID":1214,"Label":1214,"R":255,"G":15,"B":15,"A":239},"1215":{"ColorID":1215,"Label":1215,"R":255,"G":15,"B":15,"A":239},"1216":{"ColorID":1216,"Label":1216,"R":255,"G":14,"B":14,"A":240},"1217":{"ColorID":1217,"Label":1217,"R":255,"G":14,"B":14,"A":240},"1218":{"ColorID":1218,"Label":1218,"R":255,"G":14,"B":14,"A":240},"1219":{"ColorID":1219,"Label":1219,"R":255,"G":14,"B":14,"A":240},"1220":{"ColorID":1220,"Label":1220,"R":255,"G":14,"B":14,"A":240},"1221":{"ColorID":1221,"Label":1221,"R":255,"G":13,"B":13,"A":241},"1222":{"ColorID":1222,"Label":1222,"R":255,"G":13,"B":13,"A":241},"1223":{"ColorID":1223,"Label":1223,"R":255,"G":13,"B":13,"A":241},"1224":{"ColorID":1224,"Label":1224,"R":255,"G":13,"B":13,"A":241},"1225":{"ColorID":1225,"Label":1225,"R":255,"G":13,"B":13,"A":241},"1226":{"ColorID":1226,"Label":1226,"R":255,"G":12,"B":12,"A":242},"1227":{"ColorID":1227,"Label":1227,"R":255,"G":12,"B":12,"A":242},"1228":{"ColorID":1228,"Label":1228,"R":255,"G":12,"B":12,"A":242},"1229":{"ColorID":1229,"Label":1229,"R":255,"G":12,"B":12,"A":242},"1230":{"ColorID":1230,"Label":1230,"R":255,"G":12,"B":12,"A":242},"1231":{"ColorID":1231,"Label":1231,"R":255,"G":11,"B":11,"A":243},"1232":{"ColorID":1232,"Label":1232,"R":255,"G":11,"B":11,"A":243},"1233":{"ColorID":1233,"Label":1233,"R":255,"G":11,"B":11,"A":243},"1234":{"ColorID":1234,"Label":1234,"R":255,"G":11,"B":11,"A":243},"1235":{"ColorID":1235,"Label":1235,"R":255,"G":11,"B":11,"A":243},"1236":{"ColorID":1236,"Label":1236,"R":255,"G":10,"B":10,"A":244},"1237":{"ColorID":1237,"Label":1237,"R":255,"G":10,"B":10,"A":244},"1238":{"ColorID":1238,"Label":1238,"R":255,"G":10,"B":10,"A":244},"1239":{"ColorID":1239,"Label":1239,"R":255,"G":10,"B":10,"A":244},"1240":{"ColorID":1240,"Label":1240,"R":255,"G":10,"B":10,"A":244},"1241":{"ColorID":1241,"Label":1241,"R":255,"G":9,"B":9,"A":245},"1242":{"ColorID":1242,"Label":1242,"R":255,"G":9,"B":9,"A":245},"1243":{"ColorID":1243,"Label":1243,"R":255,"G":9,"B":9,"A":245},"1244":{"ColorID":1244,"Label":1244,"R":255,"G":9,"B":9,"A":245},"1245":{"ColorID":1245,"Label":1245,"R":255,"G":9,"B":9,"A":245},"1246":{"ColorID":1246,"Label":1246,"R":255,"G":8,"B":8,"A":246},"1247":{"ColorID":1247,"Label":1247,"R":255,"G":8,"B":8,"A":246},"1248":{"ColorID":1248,"Label":1248,"R":255,"G":8,"B":8,"A":246},"1249":{"ColorID":1249,"Label":1249,"R":255,"G":8,"B":8,"A":246},"1250":{"ColorID":1250,"Label":1250,"R":255,"G":8,"B":8,"A":246},"1251":{"ColorID":1251,"Label":1251,"R":255,"G":7,"B":7,"A":247},"1252":{"ColorID":1252,"Label":1252,"R":255,"G":7,"B":7,"A":247},"1253":{"ColorID":1253,"Label":1253,"R":255,"G":7,"B":7,"A":247},"1254":{"ColorID":1254,"Label":1254,"R":255,"G":7,"B":7,"A":247},"1255":{"ColorID":1255,"Label":1255,"R":255,"G":7,"B":7,"A":247},"1256":{"ColorID":1256,"Label":1256,"R":255,"G":6,"B":6,"A":248},"1257":{"ColorID":1257,"Label":1257,"R":255,"G":6,"B":6,"A":248},"1258":{"ColorID":1258,"Label":1258,"R":255,"G":6,"B":6,"A":248},"1259":{"ColorID":1259,"Label":1259,"R":255,"G":6,"B":6,"A":248},"1260":{"ColorID":1260,"Label":1260,"R":255,"G":6,"B":6,"A":248},"1261":{"ColorID":1261,"Label":1261,"R":255,"G":5,"B":5,"A":249},"1262":{"ColorID":1262,"Label":1262,"R":255,"G":5,"B":5,"A":249},"1263":{"ColorID":1263,"Label":1263,"R":255,"G":5,"B":5,"A":249},"1264":{"ColorID":1264,"Label":1264,"R":255,"G":5,"B":5,"A":249},"1265":{"ColorID":1265,"Label":1265,"R":255,"G":5,"B":5,"A":249},"1266":{"ColorID":1266,"Label":1266,"R":255,"G":4,"B":4,"A":250},"1267":{"ColorID":1267,"Label":1267,"R":255,"G":4,"B":4,"A":250},"1268":{"ColorID":1268,"Label":1268,"R":255,"G":4,"B":4,"A":250},"1269":{"ColorID":1269,"Label":1269,"R":255,"G":4,"B":4,"A":250},"1270":{"ColorID":1270,"Label":1270,"R":255,"G":4,"B":4,"A":250},"1271":{"ColorID":1271,"Label":1271,"R":255,"G":3,"B":3,"A":251},"1272":{"ColorID":1272,"Label":1272,"R":255,"G":3,"B":3,"A":251},"1273":{"ColorID":1273,"Label":1273,"R":255,"G":3,"B":3,"A":251},"1274":{"ColorID":1274,"Label":1274,"R":255,"G":3,"B":3,"A":251},"1275":{"ColorID":1275,"Label":1275,"R":255,"G":3,"B":3,"A":251},"1276":{"ColorID":1276,"Label":1276,"R":255,"G":2,"B":2,"A":252},"1277":{"ColorID":1277,"Label":1277,"R":255,"G":2,"B":2,"A":252},"1278":{"ColorID":1278,"Label":1278,"R":255,"G":2,"B":2,"A":252},"1279":{"ColorID":1279,"Label":1279,"R":255,"G":2,"B":2,"A":252},"1280":{"ColorID":1280,"Label":1280,"R":255,"G":2,"B":2,"A":252},"1281":{"ColorID":1281,"Label":1281,"R":255,"G":1,"B":1,"A":253},"1282":{"ColorID":1282,"Label":1282,"R":255,"G":1,"B":1,"A":253},"1283":{"ColorID":1283,"Label":1283,"R":255,"G":1,"B":1,"A":253},"1284":{"ColorID":1284,"Label":1284,"R":255,"G":1,"B":1,"A":253},"1285":{"ColorID":1285,"Label":1285,"R":255,"G":1,"B":1,"A":253},"1286":{"ColorID":1286,"Label":1286,"R":255,"G":0,"B":0,"A":254},"1287":{"ColorID":1287,"Label":1287,"R":255,"G":0,"B":0,"A":254},"1288":{"ColorID":1288,"Label":1288,"R":255,"G":0,"B":0,"A":254},"1289":{"ColorID":1289,"Label":1289,"R":255,"G":0,"B":0,"A":254},"1290":{"ColorID":1290,"Label":1290,"R":255,"G":0,"B":0,"A":254},"1291":{"ColorID":1291,"Label":1291,"R":255,"G":0,"B":0,"A":255}},"mapAlpha":true,"mapMinColorID":0,"mapMaxColorID":1291,"mapValueRange":[0,1291],"mapDataType":"continuous","mapVersion":1}}
