{"__global_data__.VolumeColorLUT":{"map":{"1":{"ColorID":1,"Label":0,"R":255,"G":255,"B":255,"A":255},"2":{"ColorID":2,"Label":0.0039,"R":255,"G":255,"B":255,"A":255},"3":{"ColorID":3,"Label":0.0078,"R":255,"G":255,"B":255,"A":255},"4":{"ColorID":4,"Label":0.0118,"R":255,"G":255,"B":255,"A":255},"5":{"ColorID":5,"Label":0.0157,"R":255,"G":255,"B":255,"A":255},"6":{"ColorID":6,"Label":0.0196,"R":255,"G":255,"B":255,"A":255},"7":{"ColorID":7,"Label":0.0235,"R":255,"G":255,"B":255,"A":255},"8":{"ColorID":8,"Label":0.0275,"R":255,"G":255,"B":255,"A":255},"9":{"ColorID":9,"Label":0.0314,"R":255,"G":255,"B":255,"A":255},"10":{"ColorID":10,"Label":0.0353,"R":255,"G":255,"B":255,"A":255},"11":{"ColorID":11,"Label":0.0392,"R":255,"G":255,"B":255,"A":255},"12":{"ColorID":12,"Label":0.0431,"R":255,"G":255,"B":255,"A":255},"13":{"ColorID":13,"Label":0.0471,"R":255,"G":255,"B":255,"A":255},"14":{"ColorID":14,"Label":0.051,"R":255,"G":255,"B":255,"A":255},"15":{"ColorID":15,"Label":0.0549,"R":255,"G":255,"B":255,"A":255},"16":{"ColorID":16,"Label":0.0588,"R":255,"G":255,"B":255,"A":255},"17":{"ColorID":17,"Label":0.0627,"R":255,"G":255,"B":255,"A":255},"18":{"ColorID":18,"Label":0.0667,"R":255,"G":255,"B":255,"A":255},"19":{"ColorID":19,"Label":0.0706,"R":255,"G":255,"B":255,"A":255},"20":{"ColorID":20,"Label":0.0745,"R":255,"G":255,"B":255,"A":255},"21":{"ColorID":21,"Label":0.0784,"R":255,"G":255,"B":255,"A":255},"22":{"ColorID":22,"Label":0.0824,"R":255,"G":255,"B":255,"A":255},"23":{"ColorID":23,"Label":0.0863,"R":255,"G":255,"B":255,"A":255},"24":{"ColorID":24,"Label":0.0902,"R":255,"G":255,"B":255,"A":255},"25":{"ColorID":25,"Label":0.0941,"R":255,"G":255,"B":255,"A":255},"26":{"ColorID":26,"Label":0.098,"R":255,"G":255,"B":255,"A":255},"27":{"ColorID":27,"Label":0.102,"R":255,"G":255,"B":255,"A":255},"28":{"ColorID":28,"Label":0.1059,"R":255,"G":255,"B":255,"A":255},"29":{"ColorID":29,"Label":0.1098,"R":255,"G":255,"B":255,"A":255},"30":{"ColorID":30,"Label":0.1137,"R":255,"G":255,"B":255,"A":255},"31":{"ColorID":31,"Label":0.1176,"R":255,"G":255,"B":255,"A":255},"32":{"ColorID":32,"Label":0.1216,"R":255,"G":255,"B":255,"A":255},"33":{"ColorID":33,"Label":0.1255,"R":255,"G":255,"B":255,"A":255},"34":{"ColorID":34,"Label":0.1294,"R":255,"G":255,"B":255,"A":255},"35":{"ColorID":35,"Label":0.1333,"R":255,"G":255,"B":255,"A":255},"36":{"ColorID":36,"Label":0.1373,"R":255,"G":255,"B":255,"A":255},"37":{"ColorID":37,"Label":0.1412,"R":255,"G":255,"B":255,"A":255},"38":{"ColorID":38,"Label":0.1451,"R":255,"G":255,"B":255,"A":255},"39":{"ColorID":39,"Label":0.149,"R":255,"G":255,"B":255,"A":255},"40":{"ColorID":40,"Label":0.1529,"R":255,"G":255,"B":255,"A":255},"41":{"ColorID":41,"Label":0.1569,"R":255,"G":255,"B":255,"A":255},"42":{"ColorID":42,"Label":0.1608,"R":255,"G":255,"B":255,"A":255},"43":{"ColorID":43,"Label":0.1647,"R":255,"G":255,"B":255,"A":255},"44":{"ColorID":44,"Label":0.1686,"R":255,"G":255,"B":255,"A":255},"45":{"ColorID":45,"Label":0.1725,"R":255,"G":255,"B":255,"A":255},"46":{"ColorID":46,"Label":0.1765,"R":255,"G":255,"B":255,"A":255},"47":{"ColorID":47,"Label":0.1804,"R":255,"G":255,"B":255,"A":255},"48":{"ColorID":48,"Label":0.1843,"R":255,"G":255,"B":255,"A":255},"49":{"ColorID":49,"Label":0.1882,"R":255,"G":255,"B":255,"A":255},"50":{"ColorID":50,"Label":0.1922,"R":255,"G":255,"B":255,"A":255},"51":{"ColorID":51,"Label":0.1961,"R":255,"G":255,"B":255,"A":255},"52":{"ColorID":52,"Label":0.2,"R":255,"G":255,"B":255,"A":255},"53":{"ColorID":53,"Label":0.2039,"R":255,"G":255,"B":255,"A":255},"54":{"ColorID":54,"Label":0.2078,"R":255,"G":255,"B":255,"A":255},"55":{"ColorID":55,"Label":0.2118,"R":255,"G":255,"B":255,"A":255},"56":{"ColorID":56,"Label":0.2157,"R":255,"G":255,"B":255,"A":255},"57":{"ColorID":57,"Label":0.2196,"R":255,"G":255,"B":255,"A":255},"58":{"ColorID":58,"Label":0.2235,"R":255,"G":255,"B":255,"A":255},"59":{"ColorID":59,"Label":0.2275,"R":255,"G":255,"B":255,"A":255},"60":{"ColorID":60,"Label":0.2314,"R":255,"G":255,"B":255,"A":255},"61":{"ColorID":61,"Label":0.2353,"R":255,"G":255,"B":255,"A":255},"62":{"ColorID":62,"Label":0.2392,"R":255,"G":255,"B":255,"A":255},"63":{"ColorID":63,"Label":0.2431,"R":255,"G":255,"B":255,"A":255},"64":{"ColorID":64,"Label":0.2471,"R":255,"G":255,"B":255,"A":255},"65":{"ColorID":65,"Label":0.251,"R":255,"G":255,"B":255,"A":255},"66":{"ColorID":66,"Label":0.2549,"R":255,"G":255,"B":255,"A":255},"67":{"ColorID":67,"Label":0.2588,"R":255,"G":255,"B":255,"A":255},"68":{"ColorID":68,"Label":0.2627,"R":255,"G":255,"B":255,"A":255},"69":{"ColorID":69,"Label":0.2667,"R":255,"G":255,"B":255,"A":255},"70":{"ColorID":70,"Label":0.2706,"R":255,"G":255,"B":255,"A":255},"71":{"ColorID":71,"Label":0.2745,"R":255,"G":255,"B":255,"A":255},"72":{"ColorID":72,"Label":0.2784,"R":255,"G":255,"B":255,"A":255},"73":{"ColorID":73,"Label":0.2824,"R":255,"G":255,"B":255,"A":255},"74":{"ColorID":74,"Label":0.2863,"R":255,"G":255,"B":255,"A":255},"75":{"ColorID":75,"Label":0.2902,"R":255,"G":255,"B":255,"A":255},"76":{"ColorID":76,"Label":0.2941,"R":255,"G":255,"B":255,"A":255},"77":{"ColorID":77,"Label":0.298,"R":255,"G":255,"B":255,"A":255},"78":{"ColorID":78,"Label":0.302,"R":255,"G":255,"B":255,"A":255},"79":{"ColorID":79,"Label":0.3059,"R":255,"G":255,"B":255,"A":255},"80":{"ColorID":80,"Label":0.3098,"R":255,"G":255,"B":255,"A":255},"81":{"ColorID":81,"Label":0.3137,"R":255,"G":255,"B":255,"A":255},"82":{"ColorID":82,"Label":0.3176,"R":255,"G":255,"B":255,"A":255},"83":{"ColorID":83,"Label":0.3216,"R":255,"G":255,"B":255,"A":255},"84":{"ColorID":84,"Label":0.3255,"R":255,"G":255,"B":255,"A":255},"85":{"ColorID":85,"Label":0.3294,"R":255,"G":255,"B":255,"A":255},"86":{"ColorID":86,"Label":0.3333,"R":255,"G":255,"B":255,"A":255},"87":{"ColorID":87,"Label":0.3373,"R":255,"G":255,"B":255,"A":255},"88":{"ColorID":88,"Label":0.3412,"R":255,"G":255,"B":255,"A":255},"89":{"ColorID":89,"Label":0.3451,"R":255,"G":255,"B":255,"A":255},"90":{"ColorID":90,"Label":0.349,"R":255,"G":255,"B":255,"A":255},"91":{"ColorID":91,"Label":0.3529,"R":255,"G":255,"B":255,"A":255},"92":{"ColorID":92,"Label":0.3569,"R":255,"G":255,"B":255,"A":255},"93":{"ColorID":93,"Label":0.3608,"R":255,"G":255,"B":255,"A":255},"94":{"ColorID":94,"Label":0.3647,"R":255,"G":255,"B":255,"A":255},"95":{"ColorID":95,"Label":0.3686,"R":255,"G":255,"B":255,"A":255},"96":{"ColorID":96,"Label":0.3725,"R":255,"G":255,"B":255,"A":255},"97":{"ColorID":97,"Label":0.3765,"R":255,"G":255,"B":255,"A":255},"98":{"ColorID":98,"Label":0.3804,"R":255,"G":255,"B":255,"A":255},"99":{"ColorID":99,"Label":0.3843,"R":255,"G":255,"B":255,"A":255},"100":{"ColorID":100,"Label":0.3882,"R":255,"G":255,"B":255,"A":255},"101":{"ColorID":101,"Label":0.3922,"R":255,"G":255,"B":255,"A":255},"102":{"ColorID":102,"Label":0.3961,"R":255,"G":255,"B":255,"A":255},"103":{"ColorID":103,"Label":0.4,"R":255,"G":255,"B":255,"A":255},"104":{"ColorID":104,"Label":0.4039,"R":255,"G":255,"B":255,"A":255},"105":{"ColorID":105,"Label":0.4078,"R":255,"G":255,"B":255,"A":255},"106":{"ColorID":106,"Label":0.4118,"R":255,"G":255,"B":255,"A":255},"107":{"ColorID":107,"Label":0.4157,"R":255,"G":255,"B":255,"A":255},"108":{"ColorID":108,"Label":0.4196,"R":255,"G":255,"B":255,"A":255},"109":{"ColorID":109,"Label":0.4235,"R":255,"G":255,"B":255,"A":255},"110":{"ColorID":110,"Label":0.4275,"R":255,"G":255,"B":255,"A":255},"111":{"ColorID":111,"Label":0.4314,"R":255,"G":255,"B":255,"A":255},"112":{"ColorID":112,"Label":0.4353,"R":255,"G":255,"B":255,"A":255},"113":{"ColorID":113,"Label":0.4392,"R":255,"G":255,"B":255,"A":255},"114":{"ColorID":114,"Label":0.4431,"R":255,"G":255,"B":255,"A":255},"115":{"ColorID":115,"Label":0.4471,"R":255,"G":255,"B":255,"A":255},"116":{"ColorID":116,"Label":0.451,"R":255,"G":255,"B":255,"A":255},"117":{"ColorID":117,"Label":0.4549,"R":255,"G":255,"B":255,"A":255},"118":{"ColorID":118,"Label":0.4588,"R":255,"G":255,"B":255,"A":255},"119":{"ColorID":119,"Label":0.4627,"R":255,"G":255,"B":255,"A":255},"120":{"ColorID":120,"Label":0.4667,"R":255,"G":255,"B":255,"A":255},"121":{"ColorID":121,"Label":0.4706,"R":255,"G":255,"B":255,"A":255},"122":{"ColorID":122,"Label":0.4745,"R":255,"G":255,"B":255,"A":255},"123":{"ColorID":123,"Label":0.4784,"R":255,"G":255,"B":255,"A":255},"124":{"ColorID":124,"Label":0.4824,"R":255,"G":255,"B":255,"A":255},"125":{"ColorID":125,"Label":0.4863,"R":255,"G":255,"B":255,"A":255},"126":{"ColorID":126,"Label":0.4902,"R":255,"G":255,"B":255,"A":255},"127":{"ColorID":127,"Label":0.4941,"R":255,"G":255,"B":255,"A":255},"128":{"ColorID":128,"Label":0.498,"R":255,"G":255,"B":255,"A":255},"129":{"ColorID":129,"Label":0.502,"R":255,"G":255,"B":255,"A":255},"130":{"ColorID":130,"Label":0.5059,"R":255,"G":255,"B":255,"A":255},"131":{"ColorID":131,"Label":0.5098,"R":255,"G":255,"B":255,"A":255},"132":{"ColorID":132,"Label":0.5137,"R":255,"G":255,"B":255,"A":255},"133":{"ColorID":133,"Label":0.5176,"R":255,"G":255,"B":255,"A":255},"134":{"ColorID":134,"Label":0.5216,"R":255,"G":255,"B":255,"A":255},"135":{"ColorID":135,"Label":0.5255,"R":255,"G":255,"B":255,"A":255},"136":{"ColorID":136,"Label":0.5294,"R":255,"G":255,"B":255,"A":255},"137":{"ColorID":137,"Label":0.5333,"R":255,"G":255,"B":255,"A":255},"138":{"ColorID":138,"Label":0.5373,"R":255,"G":255,"B":255,"A":255},"139":{"ColorID":139,"Label":0.5412,"R":255,"G":255,"B":255,"A":255},"140":{"ColorID":140,"Label":0.5451,"R":255,"G":255,"B":255,"A":255},"141":{"ColorID":141,"Label":0.549,"R":255,"G":255,"B":255,"A":255},"142":{"ColorID":142,"Label":0.5529,"R":255,"G":255,"B":255,"A":255},"143":{"ColorID":143,"Label":0.5569,"R":255,"G":255,"B":255,"A":255},"144":{"ColorID":144,"Label":0.5608,"R":255,"G":255,"B":255,"A":255},"145":{"ColorID":145,"Label":0.5647,"R":255,"G":255,"B":255,"A":255},"146":{"ColorID":146,"Label":0.5686,"R":255,"G":255,"B":255,"A":255},"147":{"ColorID":147,"Label":0.5725,"R":255,"G":255,"B":255,"A":255},"148":{"ColorID":148,"Label":0.5765,"R":255,"G":255,"B":255,"A":255},"149":{"ColorID":149,"Label":0.5804,"R":255,"G":252,"B":247,"A":255},"150":{"ColorID":150,"Label":0.5843,"R":247,"G":250,"B":253,"A":255},"151":{"ColorID":151,"Label":0.5882,"R":247,"G":250,"B":247,"A":255},"152":{"ColorID":152,"Label":0.5922,"R":251,"G":248,"B":253,"A":255},"153":{"ColorID":153,"Label":0.5961,"R":255,"G":248,"B":237,"A":255},"154":{"ColorID":154,"Label":0.6,"R":239,"G":245,"B":251,"A":255},"155":{"ColorID":155,"Label":0.6039,"R":237,"G":244,"B":237,"A":255},"156":{"ColorID":156,"Label":0.6078,"R":246,"G":240,"B":251,"A":255},"157":{"ColorID":157,"Label":0.6118,"R":255,"G":245,"B":228,"A":255},"158":{"ColorID":158,"Label":0.6157,"R":230,"G":240,"B":249,"A":255},"159":{"ColorID":159,"Label":0.6196,"R":228,"G":238,"B":228,"A":255},"160":{"ColorID":160,"Label":0.6235,"R":241,"G":232,"B":249,"A":255},"161":{"ColorID":161,"Label":0.6275,"R":255,"G":242,"B":218,"A":255},"162":{"ColorID":162,"Label":0.6314,"R":222,"G":235,"B":247,"A":255},"163":{"ColorID":163,"Label":0.6353,"R":218,"G":232,"B":218,"A":255},"164":{"ColorID":164,"Label":0.6392,"R":236,"G":224,"B":247,"A":255},"165":{"ColorID":165,"Label":0.6431,"R":255,"G":238,"B":209,"A":255},"166":{"ColorID":166,"Label":0.6471,"R":213,"G":230,"B":246,"A":255},"167":{"ColorID":167,"Label":0.651,"R":209,"G":227,"B":209,"A":255},"168":{"ColorID":168,"Label":0.6549,"R":231,"G":216,"B":246,"A":255},"169":{"ColorID":169,"Label":0.6588,"R":255,"G":235,"B":199,"A":255},"170":{"ColorID":170,"Label":0.6627,"R":204,"G":224,"B":244,"A":255},"171":{"ColorID":171,"Label":0.6667,"R":199,"G":221,"B":199,"A":255},"172":{"ColorID":172,"Label":0.6706,"R":226,"G":207,"B":244,"A":255},"173":{"ColorID":173,"Label":0.6745,"R":255,"G":232,"B":190,"A":255},"174":{"ColorID":174,"Label":0.6784,"R":196,"G":219,"B":242,"A":255},"175":{"ColorID":175,"Label":0.6824,"R":190,"G":215,"B":190,"A":255},"176":{"ColorID":176,"Label":0.6863,"R":221,"G":199,"B":242,"A":255},"177":{"ColorID":177,"Label":0.6902,"R":255,"G":228,"B":180,"A":255},"178":{"ColorID":178,"Label":0.6941,"R":187,"G":214,"B":240,"A":255},"179":{"ColorID":179,"Label":0.698,"R":180,"G":209,"B":180,"A":255},"180":{"ColorID":180,"Label":0.702,"R":217,"G":191,"B":240,"A":255},"181":{"ColorID":181,"Label":0.7059,"R":255,"G":225,"B":171,"A":255},"182":{"ColorID":182,"Label":0.7098,"R":179,"G":209,"B":238,"A":255},"183":{"ColorID":183,"Label":0.7137,"R":171,"G":204,"B":171,"A":255},"184":{"ColorID":184,"Label":0.7176,"R":212,"G":183,"B":238,"A":255},"185":{"ColorID":185,"Label":0.7216,"R":255,"G":222,"B":161,"A":255},"186":{"ColorID":186,"Label":0.7255,"R":170,"G":204,"B":236,"A":255},"187":{"ColorID":187,"Label":0.7294,"R":161,"G":198,"B":161,"A":255},"188":{"ColorID":188,"Label":0.7333,"R":207,"G":175,"B":236,"A":255},"189":{"ColorID":189,"Label":0.7373,"R":255,"G":218,"B":152,"A":255},"190":{"ColorID":190,"Label":0.7412,"R":161,"G":198,"B":234,"A":255},"191":{"ColorID":191,"Label":0.7451,"R":152,"G":192,"B":152,"A":255},"192":{"ColorID":192,"Label":0.749,"R":202,"G":167,"B":234,"A":255},"193":{"ColorID":193,"Label":0.7529,"R":255,"G":215,"B":142,"A":255},"194":{"ColorID":194,"Label":0.7569,"R":153,"G":193,"B":232,"A":255},"195":{"ColorID":195,"Label":0.7608,"R":142,"G":186,"B":142,"A":255},"196":{"ColorID":196,"Label":0.7647,"R":197,"G":159,"B":232,"A":255},"197":{"ColorID":197,"Label":0.7686,"R":255,"G":211,"B":133,"A":255},"198":{"ColorID":198,"Label":0.7725,"R":144,"G":188,"B":231,"A":255},"199":{"ColorID":199,"Label":0.7765,"R":133,"G":180,"B":133,"A":255},"200":{"ColorID":200,"Label":0.7804,"R":192,"G":151,"B":231,"A":255},"201":{"ColorID":201,"Label":0.7843,"R":255,"G":208,"B":123,"A":255},"202":{"ColorID":202,"Label":0.7882,"R":135,"G":183,"B":229,"A":255},"203":{"ColorID":203,"Label":0.7922,"R":123,"G":175,"B":123,"A":255},"204":{"ColorID":204,"Label":0.7961,"R":188,"G":143,"B":229,"A":255},"205":{"ColorID":205,"Label":0.8,"R":255,"G":205,"B":114,"A":255},"206":{"ColorID":206,"Label":0.8039,"R":127,"G":178,"B":227,"A":255},"207":{"ColorID":207,"Label":0.8078,"R":114,"G":169,"B":114,"A":255},"208":{"ColorID":208,"Label":0.8118,"R":183,"G":135,"B":227,"A":255},"209":{"ColorID":209,"Label":0.8157,"R":255,"G":201,"B":104,"A":255},"210":{"ColorID":210,"Label":0.8196,"R":118,"G":173,"B":225,"A":255},"211":{"ColorID":211,"Label":0.8235,"R":104,"G":163,"B":104,"A":255},"212":{"ColorID":212,"Label":0.8275,"R":178,"G":127,"B":225,"A":255},"213":{"ColorID":213,"Label":0.8314,"R":255,"G":198,"B":95,"A":255},"214":{"ColorID":214,"Label":0.8353,"R":110,"G":167,"B":223,"A":255},"215":{"ColorID":215,"Label":0.8392,"R":95,"G":157,"B":95,"A":255},"216":{"ColorID":216,"Label":0.8431,"R":173,"G":118,"B":223,"A":255},"217":{"ColorID":217,"Label":0.8471,"R":255,"G":195,"B":85,"A":255},"218":{"ColorID":218,"Label":0.851,"R":101,"G":162,"B":221,"A":255},"219":{"ColorID":219,"Label":0.8549,"R":85,"G":152,"B":85,"A":255},"220":{"ColorID":220,"Label":0.8588,"R":168,"G":110,"B":221,"A":255},"221":{"ColorID":221,"Label":0.8627,"R":255,"G":191,"B":76,"A":255},"222":{"ColorID":222,"Label":0.8667,"R":92,"G":157,"B":219,"A":255},"223":{"ColorID":223,"Label":0.8706,"R":76,"G":146,"B":76,"A":255},"224":{"ColorID":224,"Label":0.8745,"R":163,"G":102,"B":219,"A":255},"225":{"ColorID":225,"Label":0.8784,"R":255,"G":188,"B":66,"A":255},"226":{"ColorID":226,"Label":0.8824,"R":84,"G":152,"B":218,"A":255},"227":{"ColorID":227,"Label":0.8863,"R":66,"G":140,"B":66,"A":255},"228":{"ColorID":228,"Label":0.8902,"R":158,"G":94,"B":218,"A":255},"229":{"ColorID":229,"Label":0.8941,"R":255,"G":185,"B":57,"A":255},"230":{"ColorID":230,"Label":0.898,"R":75,"G":147,"B":216,"A":255},"231":{"ColorID":231,"Label":0.902,"R":57,"G":134,"B":57,"A":255},"232":{"ColorID":232,"Label":0.9059,"R":154,"G":86,"B":216,"A":255},"233":{"ColorID":233,"Label":0.9098,"R":255,"G":181,"B":47,"A":255},"234":{"ColorID":234,"Label":0.9137,"R":67,"G":141,"B":214,"A":255},"235":{"ColorID":235,"Label":0.9176,"R":47,"G":128,"B":47,"A":255},"236":{"ColorID":236,"Label":0.9216,"R":149,"G":78,"B":214,"A":255},"237":{"ColorID":237,"Label":0.9255,"R":255,"G":178,"B":38,"A":255},"238":{"ColorID":238,"Label":0.9294,"R":58,"G":136,"B":212,"A":255},"239":{"ColorID":239,"Label":0.9333,"R":38,"G":123,"B":38,"A":255},"240":{"ColorID":240,"Label":0.9373,"R":144,"G":70,"B":212,"A":255},"241":{"ColorID":241,"Label":0.9412,"R":255,"G":175,"B":28,"A":255},"242":{"ColorID":242,"Label":0.9451,"R":49,"G":131,"B":210,"A":255},"243":{"ColorID":243,"Label":0.949,"R":28,"G":117,"B":28,"A":255},"244":{"ColorID":244,"Label":0.9529,"R":139,"G":62,"B":210,"A":255},"245":{"ColorID":245,"Label":0.9569,"R":255,"G":171,"B":19,"A":255},"246":{"ColorID":246,"Label":0.9608,"R":41,"G":126,"B":208,"A":255},"247":{"ColorID":247,"Label":0.9647,"R":19,"G":111,"B":19,"A":255},"248":{"ColorID":248,"Label":0.9686,"R":134,"G":54,"B":208,"A":255},"249":{"ColorID":249,"Label":0.9725,"R":255,"G":168,"B":9,"A":255},"250":{"ColorID":250,"Label":0.9765,"R":32,"G":121,"B":206,"A":255},"251":{"ColorID":251,"Label":0.9804,"R":9,"G":105,"B":9,"A":255},"252":{"ColorID":252,"Label":0.9843,"R":129,"G":46,"B":206,"A":255},"253":{"ColorID":253,"Label":0.9882,"R":255,"G":165,"B":0,"A":255},"254":{"ColorID":254,"Label":0.9922,"R":24,"G":116,"B":205,"A":255},"255":{"ColorID":255,"Label":0.9961,"R":0,"G":100,"B":0,"A":255},"256":{"ColorID":256,"Label":1,"R":125,"G":38,"B":205,"A":255}},"mapAlpha":true,"mapMinColorID":1,"mapMaxColorID":256,"mapValueRange":[0,1],"mapDataType":"continuous","mapGeomType":"volume","mapVersion":1}}
