{"__global_data__.SurfaceColorLUT":{"map":{"1":{"ColorID":1,"Label":-1,"R":0,"G":0,"B":128},"2":{"ColorID":2,"Label":-0.9921,"R":2,"G":2,"B":129},"3":{"ColorID":3,"Label":-0.9843,"R":4,"G":4,"B":130},"4":{"ColorID":4,"Label":-0.9764,"R":6,"G":6,"B":131},"5":{"ColorID":5,"Label":-0.9685,"R":8,"G":8,"B":131},"6":{"ColorID":6,"Label":-0.9606,"R":10,"G":10,"B":133},"7":{"ColorID":7,"Label":-0.9528,"R":12,"G":12,"B":134},"8":{"ColorID":8,"Label":-0.9449,"R":14,"G":14,"B":135},"9":{"ColorID":9,"Label":-0.937,"R":16,"G":16,"B":136},"10":{"ColorID":10,"Label":-0.9291,"R":18,"G":18,"B":137},"11":{"ColorID":11,"Label":-0.9213,"R":20,"G":20,"B":138},"12":{"ColorID":12,"Label":-0.9134,"R":22,"G":22,"B":139},"13":{"ColorID":13,"Label":-0.9055,"R":24,"G":24,"B":140},"14":{"ColorID":14,"Label":-0.8976,"R":26,"G":26,"B":141},"15":{"ColorID":15,"Label":-0.8898,"R":28,"G":28,"B":142},"16":{"ColorID":16,"Label":-0.8819,"R":30,"G":30,"B":143},"17":{"ColorID":17,"Label":-0.874,"R":32,"G":32,"B":144},"18":{"ColorID":18,"Label":-0.8661,"R":34,"G":34,"B":145},"19":{"ColorID":19,"Label":-0.8583,"R":36,"G":36,"B":146},"20":{"ColorID":20,"Label":-0.8504,"R":38,"G":38,"B":147},"21":{"ColorID":21,"Label":-0.8425,"R":40,"G":40,"B":147},"22":{"ColorID":22,"Label":-0.8346,"R":42,"G":42,"B":149},"23":{"ColorID":23,"Label":-0.8268,"R":44,"G":44,"B":150},"24":{"ColorID":24,"Label":-0.8189,"R":46,"G":46,"B":151},"25":{"ColorID":25,"Label":-0.811,"R":48,"G":48,"B":152},"26":{"ColorID":26,"Label":-0.8031,"R":50,"G":50,"B":153},"27":{"ColorID":27,"Label":-0.7953,"R":52,"G":52,"B":154},"28":{"ColorID":28,"Label":-0.7874,"R":54,"G":54,"B":155},"29":{"ColorID":29,"Label":-0.7795,"R":56,"G":56,"B":156},"30":{"ColorID":30,"Label":-0.7717,"R":58,"G":58,"B":157},"31":{"ColorID":31,"Label":-0.7638,"R":60,"G":60,"B":158},"32":{"ColorID":32,"Label":-0.7559,"R":62,"G":62,"B":159},"33":{"ColorID":33,"Label":-0.748,"R":64,"G":64,"B":160},"34":{"ColorID":34,"Label":-0.7402,"R":66,"G":66,"B":161},"35":{"ColorID":35,"Label":-0.7323,"R":68,"G":68,"B":162},"36":{"ColorID":36,"Label":-0.7244,"R":70,"G":70,"B":163},"37":{"ColorID":37,"Label":-0.7165,"R":72,"G":72,"B":163},"38":{"ColorID":38,"Label":-0.7087,"R":74,"G":74,"B":164},"39":{"ColorID":39,"Label":-0.7008,"R":76,"G":76,"B":166},"40":{"ColorID":40,"Label":-0.6929,"R":78,"G":78,"B":167},"41":{"ColorID":41,"Label":-0.685,"R":80,"G":80,"B":168},"42":{"ColorID":42,"Label":-0.6772,"R":82,"G":82,"B":169},"43":{"ColorID":43,"Label":-0.6693,"R":84,"G":84,"B":170},"44":{"ColorID":44,"Label":-0.6614,"R":86,"G":86,"B":171},"45":{"ColorID":45,"Label":-0.6535,"R":88,"G":88,"B":172},"46":{"ColorID":46,"Label":-0.6457,"R":90,"G":90,"B":173},"47":{"ColorID":47,"Label":-0.6378,"R":92,"G":92,"B":174},"48":{"ColorID":48,"Label":-0.6299,"R":94,"G":94,"B":175},"49":{"ColorID":49,"Label":-0.622,"R":96,"G":96,"B":176},"50":{"ColorID":50,"Label":-0.6142,"R":98,"G":98,"B":177},"51":{"ColorID":51,"Label":-0.6063,"R":100,"G":100,"B":178},"52":{"ColorID":52,"Label":-0.5984,"R":102,"G":102,"B":179},"53":{"ColorID":53,"Label":-0.5906,"R":104,"G":104,"B":179},"54":{"ColorID":54,"Label":-0.5827,"R":106,"G":106,"B":180},"55":{"ColorID":55,"Label":-0.5748,"R":108,"G":108,"B":182},"56":{"ColorID":56,"Label":-0.5669,"R":110,"G":110,"B":183},"57":{"ColorID":57,"Label":-0.5591,"R":112,"G":112,"B":184},"58":{"ColorID":58,"Label":-0.5512,"R":114,"G":114,"B":185},"59":{"ColorID":59,"Label":-0.5433,"R":116,"G":116,"B":186},"60":{"ColorID":60,"Label":-0.5354,"R":118,"G":118,"B":187},"61":{"ColorID":61,"Label":-0.5276,"R":120,"G":120,"B":188},"62":{"ColorID":62,"Label":-0.5197,"R":122,"G":122,"B":189},"63":{"ColorID":63,"Label":-0.5118,"R":124,"G":124,"B":190},"64":{"ColorID":64,"Label":-0.5039,"R":126,"G":126,"B":191},"65":{"ColorID":65,"Label":-0.4961,"R":128,"G":128,"B":192},"66":{"ColorID":66,"Label":-0.4882,"R":130,"G":130,"B":193},"67":{"ColorID":67,"Label":-0.4803,"R":132,"G":132,"B":194},"68":{"ColorID":68,"Label":-0.4724,"R":134,"G":134,"B":195},"69":{"ColorID":69,"Label":-0.4646,"R":136,"G":136,"B":195},"70":{"ColorID":70,"Label":-0.4567,"R":138,"G":138,"B":197},"71":{"ColorID":71,"Label":-0.4488,"R":140,"G":140,"B":198},"72":{"ColorID":72,"Label":-0.4409,"R":142,"G":142,"B":199},"73":{"ColorID":73,"Label":-0.4331,"R":144,"G":144,"B":200},"74":{"ColorID":74,"Label":-0.4252,"R":146,"G":146,"B":201},"75":{"ColorID":75,"Label":-0.4173,"R":148,"G":148,"B":202},"76":{"ColorID":76,"Label":-0.4094,"R":150,"G":150,"B":203},"77":{"ColorID":77,"Label":-0.4016,"R":152,"G":152,"B":204},"78":{"ColorID":78,"Label":-0.3937,"R":154,"G":154,"B":205},"79":{"ColorID":79,"Label":-0.3858,"R":156,"G":156,"B":206},"80":{"ColorID":80,"Label":-0.378,"R":158,"G":158,"B":207},"81":{"ColorID":81,"Label":-0.3701,"R":160,"G":160,"B":208},"82":{"ColorID":82,"Label":-0.3622,"R":162,"G":162,"B":209},"83":{"ColorID":83,"Label":-0.3543,"R":164,"G":164,"B":210},"84":{"ColorID":84,"Label":-0.3465,"R":166,"G":166,"B":211},"85":{"ColorID":85,"Label":-0.3386,"R":168,"G":168,"B":211},"86":{"ColorID":86,"Label":-0.3307,"R":170,"G":170,"B":213},"87":{"ColorID":87,"Label":-0.3228,"R":172,"G":172,"B":214},"88":{"ColorID":88,"Label":-0.315,"R":174,"G":174,"B":215},"89":{"ColorID":89,"Label":-0.3071,"R":176,"G":176,"B":216},"90":{"ColorID":90,"Label":-0.2992,"R":178,"G":178,"B":217},"91":{"ColorID":91,"Label":-0.2913,"R":180,"G":180,"B":218},"92":{"ColorID":92,"Label":-0.2835,"R":182,"G":182,"B":219},"93":{"ColorID":93,"Label":-0.2756,"R":184,"G":184,"B":220},"94":{"ColorID":94,"Label":-0.2677,"R":186,"G":186,"B":221},"95":{"ColorID":95,"Label":-0.2598,"R":188,"G":188,"B":222},"96":{"ColorID":96,"Label":-0.252,"R":190,"G":190,"B":223},"97":{"ColorID":97,"Label":-0.2441,"R":192,"G":192,"B":224},"98":{"ColorID":98,"Label":-0.2362,"R":194,"G":194,"B":225},"99":{"ColorID":99,"Label":-0.2283,"R":196,"G":196,"B":226},"100":{"ColorID":100,"Label":-0.2205,"R":198,"G":198,"B":227},"101":{"ColorID":101,"Label":-0.2126,"R":200,"G":200,"B":227},"102":{"ColorID":102,"Label":-0.2047,"R":202,"G":202,"B":229},"103":{"ColorID":103,"Label":-0.1969,"R":204,"G":204,"B":230},"104":{"ColorID":104,"Label":-0.189,"R":206,"G":206,"B":231},"105":{"ColorID":105,"Label":-0.1811,"R":208,"G":208,"B":232},"106":{"ColorID":106,"Label":-0.1732,"R":210,"G":210,"B":233},"107":{"ColorID":107,"Label":-0.1654,"R":212,"G":212,"B":234},"108":{"ColorID":108,"Label":-0.1575,"R":214,"G":214,"B":235},"109":{"ColorID":109,"Label":-0.1496,"R":216,"G":216,"B":236},"110":{"ColorID":110,"Label":-0.1417,"R":218,"G":218,"B":237},"111":{"ColorID":111,"Label":-0.1339,"R":220,"G":220,"B":238},"112":{"ColorID":112,"Label":-0.126,"R":222,"G":222,"B":239},"113":{"ColorID":113,"Label":-0.1181,"R":224,"G":224,"B":240},"114":{"ColorID":114,"Label":-0.1102,"R":226,"G":226,"B":241},"115":{"ColorID":115,"Label":-0.1024,"R":228,"G":228,"B":242},"116":{"ColorID":116,"Label":-0.0945,"R":230,"G":230,"B":243},"117":{"ColorID":117,"Label":-0.0866,"R":232,"G":232,"B":243},"118":{"ColorID":118,"Label":-0.0787,"R":234,"G":234,"B":245},"119":{"ColorID":119,"Label":-0.0709,"R":236,"G":236,"B":246},"120":{"ColorID":120,"Label":-0.063,"R":238,"G":238,"B":247},"121":{"ColorID":121,"Label":-0.0551,"R":240,"G":240,"B":248},"122":{"ColorID":122,"Label":-0.0472,"R":242,"G":242,"B":249},"123":{"ColorID":123,"Label":-0.0394,"R":244,"G":244,"B":250},"124":{"ColorID":124,"Label":-0.0315,"R":246,"G":246,"B":251},"125":{"ColorID":125,"Label":-0.0236,"R":248,"G":248,"B":252},"126":{"ColorID":126,"Label":-0.0157,"R":250,"G":250,"B":253},"127":{"ColorID":127,"Label":-0.0079,"R":252,"G":252,"B":254},"128":{"ColorID":128,"Label":0,"R":255,"G":255,"B":255},"129":{"ColorID":129,"Label":0.0079,"R":255,"G":252,"B":252},"130":{"ColorID":130,"Label":0.0157,"R":255,"G":250,"B":250},"131":{"ColorID":131,"Label":0.0236,"R":255,"G":248,"B":248},"132":{"ColorID":132,"Label":0.0315,"R":255,"G":246,"B":246},"133":{"ColorID":133,"Label":0.0394,"R":255,"G":244,"B":244},"134":{"ColorID":134,"Label":0.0472,"R":255,"G":242,"B":242},"135":{"ColorID":135,"Label":0.0551,"R":255,"G":240,"B":240},"136":{"ColorID":136,"Label":0.063,"R":255,"G":238,"B":238},"137":{"ColorID":137,"Label":0.0709,"R":255,"G":236,"B":236},"138":{"ColorID":138,"Label":0.0787,"R":255,"G":234,"B":234},"139":{"ColorID":139,"Label":0.0866,"R":255,"G":232,"B":232},"140":{"ColorID":140,"Label":0.0945,"R":255,"G":230,"B":230},"141":{"ColorID":141,"Label":0.1024,"R":255,"G":228,"B":228},"142":{"ColorID":142,"Label":0.1102,"R":255,"G":226,"B":226},"143":{"ColorID":143,"Label":0.1181,"R":255,"G":224,"B":224},"144":{"ColorID":144,"Label":0.126,"R":255,"G":222,"B":222},"145":{"ColorID":145,"Label":0.1339,"R":255,"G":220,"B":220},"146":{"ColorID":146,"Label":0.1417,"R":255,"G":218,"B":218},"147":{"ColorID":147,"Label":0.1496,"R":255,"G":216,"B":216},"148":{"ColorID":148,"Label":0.1575,"R":255,"G":214,"B":214},"149":{"ColorID":149,"Label":0.1654,"R":255,"G":212,"B":212},"150":{"ColorID":150,"Label":0.1732,"R":255,"G":210,"B":210},"151":{"ColorID":151,"Label":0.1811,"R":255,"G":208,"B":208},"152":{"ColorID":152,"Label":0.189,"R":255,"G":206,"B":206},"153":{"ColorID":153,"Label":0.1969,"R":255,"G":204,"B":204},"154":{"ColorID":154,"Label":0.2047,"R":255,"G":202,"B":202},"155":{"ColorID":155,"Label":0.2126,"R":255,"G":200,"B":200},"156":{"ColorID":156,"Label":0.2205,"R":255,"G":198,"B":198},"157":{"ColorID":157,"Label":0.2283,"R":255,"G":196,"B":196},"158":{"ColorID":158,"Label":0.2362,"R":255,"G":194,"B":194},"159":{"ColorID":159,"Label":0.2441,"R":255,"G":192,"B":192},"160":{"ColorID":160,"Label":0.252,"R":255,"G":190,"B":190},"161":{"ColorID":161,"Label":0.2598,"R":255,"G":188,"B":188},"162":{"ColorID":162,"Label":0.2677,"R":255,"G":186,"B":186},"163":{"ColorID":163,"Label":0.2756,"R":255,"G":184,"B":184},"164":{"ColorID":164,"Label":0.2835,"R":255,"G":182,"B":182},"165":{"ColorID":165,"Label":0.2913,"R":255,"G":180,"B":180},"166":{"ColorID":166,"Label":0.2992,"R":255,"G":178,"B":178},"167":{"ColorID":167,"Label":0.3071,"R":255,"G":176,"B":176},"168":{"ColorID":168,"Label":0.315,"R":255,"G":174,"B":174},"169":{"ColorID":169,"Label":0.3228,"R":255,"G":172,"B":172},"170":{"ColorID":170,"Label":0.3307,"R":255,"G":170,"B":170},"171":{"ColorID":171,"Label":0.3386,"R":255,"G":168,"B":168},"172":{"ColorID":172,"Label":0.3465,"R":255,"G":166,"B":166},"173":{"ColorID":173,"Label":0.3543,"R":255,"G":164,"B":164},"174":{"ColorID":174,"Label":0.3622,"R":255,"G":162,"B":162},"175":{"ColorID":175,"Label":0.3701,"R":255,"G":160,"B":160},"176":{"ColorID":176,"Label":0.378,"R":255,"G":158,"B":158},"177":{"ColorID":177,"Label":0.3858,"R":255,"G":156,"B":156},"178":{"ColorID":178,"Label":0.3937,"R":255,"G":154,"B":154},"179":{"ColorID":179,"Label":0.4016,"R":255,"G":152,"B":152},"180":{"ColorID":180,"Label":0.4094,"R":255,"G":150,"B":150},"181":{"ColorID":181,"Label":0.4173,"R":255,"G":148,"B":148},"182":{"ColorID":182,"Label":0.4252,"R":255,"G":146,"B":146},"183":{"ColorID":183,"Label":0.4331,"R":255,"G":144,"B":144},"184":{"ColorID":184,"Label":0.4409,"R":255,"G":142,"B":142},"185":{"ColorID":185,"Label":0.4488,"R":255,"G":140,"B":140},"186":{"ColorID":186,"Label":0.4567,"R":255,"G":138,"B":138},"187":{"ColorID":187,"Label":0.4646,"R":255,"G":136,"B":136},"188":{"ColorID":188,"Label":0.4724,"R":255,"G":134,"B":134},"189":{"ColorID":189,"Label":0.4803,"R":255,"G":132,"B":132},"190":{"ColorID":190,"Label":0.4882,"R":255,"G":130,"B":130},"191":{"ColorID":191,"Label":0.4961,"R":255,"G":128,"B":128},"192":{"ColorID":192,"Label":0.5039,"R":255,"G":126,"B":126},"193":{"ColorID":193,"Label":0.5118,"R":255,"G":124,"B":124},"194":{"ColorID":194,"Label":0.5197,"R":255,"G":122,"B":122},"195":{"ColorID":195,"Label":0.5276,"R":255,"G":120,"B":120},"196":{"ColorID":196,"Label":0.5354,"R":255,"G":118,"B":118},"197":{"ColorID":197,"Label":0.5433,"R":255,"G":116,"B":116},"198":{"ColorID":198,"Label":0.5512,"R":255,"G":114,"B":114},"199":{"ColorID":199,"Label":0.5591,"R":255,"G":112,"B":112},"200":{"ColorID":200,"Label":0.5669,"R":255,"G":110,"B":110},"201":{"ColorID":201,"Label":0.5748,"R":255,"G":108,"B":108},"202":{"ColorID":202,"Label":0.5827,"R":255,"G":106,"B":106},"203":{"ColorID":203,"Label":0.5906,"R":255,"G":104,"B":104},"204":{"ColorID":204,"Label":0.5984,"R":255,"G":102,"B":102},"205":{"ColorID":205,"Label":0.6063,"R":255,"G":100,"B":100},"206":{"ColorID":206,"Label":0.6142,"R":255,"G":98,"B":98},"207":{"ColorID":207,"Label":0.622,"R":255,"G":96,"B":96},"208":{"ColorID":208,"Label":0.6299,"R":255,"G":94,"B":94},"209":{"ColorID":209,"Label":0.6378,"R":255,"G":92,"B":92},"210":{"ColorID":210,"Label":0.6457,"R":255,"G":90,"B":90},"211":{"ColorID":211,"Label":0.6535,"R":255,"G":88,"B":88},"212":{"ColorID":212,"Label":0.6614,"R":255,"G":86,"B":86},"213":{"ColorID":213,"Label":0.6693,"R":255,"G":84,"B":84},"214":{"ColorID":214,"Label":0.6772,"R":255,"G":82,"B":82},"215":{"ColorID":215,"Label":0.685,"R":255,"G":80,"B":80},"216":{"ColorID":216,"Label":0.6929,"R":255,"G":78,"B":78},"217":{"ColorID":217,"Label":0.7008,"R":255,"G":76,"B":76},"218":{"ColorID":218,"Label":0.7087,"R":255,"G":74,"B":74},"219":{"ColorID":219,"Label":0.7165,"R":255,"G":72,"B":72},"220":{"ColorID":220,"Label":0.7244,"R":255,"G":70,"B":70},"221":{"ColorID":221,"Label":0.7323,"R":255,"G":68,"B":68},"222":{"ColorID":222,"Label":0.7402,"R":255,"G":66,"B":66},"223":{"ColorID":223,"Label":0.748,"R":255,"G":64,"B":64},"224":{"ColorID":224,"Label":0.7559,"R":255,"G":62,"B":62},"225":{"ColorID":225,"Label":0.7638,"R":255,"G":60,"B":60},"226":{"ColorID":226,"Label":0.7717,"R":255,"G":58,"B":58},"227":{"ColorID":227,"Label":0.7795,"R":255,"G":56,"B":56},"228":{"ColorID":228,"Label":0.7874,"R":255,"G":54,"B":54},"229":{"ColorID":229,"Label":0.7953,"R":255,"G":52,"B":52},"230":{"ColorID":230,"Label":0.8031,"R":255,"G":50,"B":50},"231":{"ColorID":231,"Label":0.811,"R":255,"G":48,"B":48},"232":{"ColorID":232,"Label":0.8189,"R":255,"G":46,"B":46},"233":{"ColorID":233,"Label":0.8268,"R":255,"G":44,"B":44},"234":{"ColorID":234,"Label":0.8346,"R":255,"G":42,"B":42},"235":{"ColorID":235,"Label":0.8425,"R":255,"G":40,"B":40},"236":{"ColorID":236,"Label":0.8504,"R":255,"G":38,"B":38},"237":{"ColorID":237,"Label":0.8583,"R":255,"G":36,"B":36},"238":{"ColorID":238,"Label":0.8661,"R":255,"G":34,"B":34},"239":{"ColorID":239,"Label":0.874,"R":255,"G":32,"B":32},"240":{"ColorID":240,"Label":0.8819,"R":255,"G":30,"B":30},"241":{"ColorID":241,"Label":0.8898,"R":255,"G":28,"B":28},"242":{"ColorID":242,"Label":0.8976,"R":255,"G":26,"B":26},"243":{"ColorID":243,"Label":0.9055,"R":255,"G":24,"B":24},"244":{"ColorID":244,"Label":0.9134,"R":255,"G":22,"B":22},"245":{"ColorID":245,"Label":0.9213,"R":255,"G":20,"B":20},"246":{"ColorID":246,"Label":0.9291,"R":255,"G":18,"B":18},"247":{"ColorID":247,"Label":0.937,"R":255,"G":16,"B":16},"248":{"ColorID":248,"Label":0.9449,"R":255,"G":14,"B":14},"249":{"ColorID":249,"Label":0.9528,"R":255,"G":12,"B":12},"250":{"ColorID":250,"Label":0.9606,"R":255,"G":10,"B":10},"251":{"ColorID":251,"Label":0.9685,"R":255,"G":8,"B":8},"252":{"ColorID":252,"Label":0.9764,"R":255,"G":6,"B":6},"253":{"ColorID":253,"Label":0.9843,"R":255,"G":4,"B":4},"254":{"ColorID":254,"Label":0.9921,"R":255,"G":2,"B":2},"255":{"ColorID":255,"Label":1,"R":255,"G":0,"B":0}},"mapAlpha":false,"mapMinColorID":1,"mapMaxColorID":255,"mapValueRange":[-1,1],"mapDataType":"continuous","mapGeomType":"surface","mapVersion":1,"get_key":["function (value, max_delta = Inf, ...) ","{","    map <- sapply(re$map, function(x) {","        c(x$ColorID, x$Label)","    })","    k <- sapply(value, function(v) {","        if (is.na(v)) {","            return(0)","        }","        ii <- which.min(abs(map[, 2] - v))","        if (abs(map[ii, 2]) > max_delta) {","            return(0)","        }","        map[ii, 1]","    })","    as.integer(k)","}"]}}
